recency,history_segment,history,mens,womens,zip_code,newbie,channel,segment,visit,conversion,spend
10,1) $0 - $100,88.37,0,1,Urban,0,Phone,Womens E-Mail,1,1,29.99
4,3) $200 - $350,297.8,1,1,Urban,0,Phone,Womens E-Mail,1,1,264.66
10,1) $0 - $100,29.99,0,1,Surburban,0,Web,No E-Mail,1,1,149.28
6,3) $200 - $350,265.61,0,1,Surburban,1,Multichannel,Womens E-Mail,1,1,42.66
1,2) $100 - $200,101.99,0,1,Surburban,0,Web,Womens E-Mail,1,1,29.99
2,4) $350 - $500,378.5,0,1,Urban,0,Web,Mens E-Mail,1,1,80.58
1,"7) $1,000 +",1515.82,1,1,Surburban,1,Multichannel,Womens E-Mail,1,1,499.0
12,1) $0 - $100,36.67,0,1,Urban,0,Web,Mens E-Mail,1,1,195.83
9,3) $200 - $350,297.59,0,1,Surburban,1,Phone,Mens E-Mail,1,1,118.39
5,"7) $1,000 +",1079.62,1,1,Surburban,1,Web,No E-Mail,1,1,29.99
1,1) $0 - $100,61.08,0,1,Rural,0,Web,Womens E-Mail,1,1,70.85
8,2) $100 - $200,194.81,1,0,Urban,1,Web,Womens E-Mail,1,1,184.71
8,3) $200 - $350,287.06,0,1,Urban,0,Phone,Womens E-Mail,1,1,29.99
9,2) $100 - $200,173.88,0,1,Surburban,0,Phone,Mens E-Mail,1,1,58.13
12,2) $100 - $200,130.84,0,1,Surburban,0,Web,Womens E-Mail,1,1,29.99
1,"6) $750 - $1,000",792.15,1,1,Surburban,1,Phone,Mens E-Mail,1,1,32.17
4,1) $0 - $100,59.03,0,1,Urban,0,Web,Mens E-Mail,1,1,62.9
10,1) $0 - $100,30.53,0,1,Urban,1,Phone,Womens E-Mail,1,1,267.17
6,3) $200 - $350,288.62,0,1,Urban,0,Multichannel,Mens E-Mail,1,1,102.84
2,3) $200 - $350,272.95,1,0,Urban,1,Web,Womens E-Mail,1,1,29.99
1,"6) $750 - $1,000",954.65,1,0,Surburban,1,Multichannel,Womens E-Mail,1,1,168.98
1,4) $350 - $500,358.86,0,1,Surburban,1,Web,No E-Mail,1,1,29.99
4,2) $100 - $200,139.14,0,1,Surburban,1,Web,Womens E-Mail,1,1,73.51
4,3) $200 - $350,302.72,1,1,Urban,0,Web,Mens E-Mail,1,1,29.99
9,2) $100 - $200,111.69,0,1,Urban,1,Phone,Womens E-Mail,1,1,36.16
1,5) $500 - $750,716.38,1,1,Rural,1,Multichannel,Mens E-Mail,1,1,172.74
9,1) $0 - $100,40.35,0,1,Rural,1,Web,Womens E-Mail,1,1,29.99
2,1) $0 - $100,89.26,0,1,Surburban,0,Web,No E-Mail,1,1,29.99
1,5) $500 - $750,506.82,0,1,Surburban,1,Web,No E-Mail,1,1,161.61
5,3) $200 - $350,301.42,1,1,Surburban,0,Phone,Mens E-Mail,1,1,29.99
8,2) $100 - $200,137.37,1,0,Surburban,1,Web,Womens E-Mail,1,1,395.24
1,4) $350 - $500,486.4,1,0,Urban,0,Multichannel,Womens E-Mail,1,1,414.08
1,5) $500 - $750,607.33,0,1,Urban,1,Web,Womens E-Mail,1,1,94.5
1,3) $200 - $350,338.79,1,1,Urban,0,Web,Mens E-Mail,1,1,29.99
1,5) $500 - $750,611.91,1,1,Rural,1,Phone,Mens E-Mail,1,1,97.38
1,5) $500 - $750,573.14,0,1,Surburban,1,Web,Womens E-Mail,1,1,47.39
1,3) $200 - $350,233.7,1,0,Urban,0,Phone,Mens E-Mail,1,1,215.54
1,1) $0 - $100,78.53,1,0,Rural,1,Phone,Womens E-Mail,1,1,163.19
10,3) $200 - $350,255.22,1,1,Urban,1,Phone,Womens E-Mail,1,1,69.99
3,3) $200 - $350,268.59,1,0,Rural,0,Web,No E-Mail,1,1,29.99
5,1) $0 - $100,69.91,0,1,Surburban,1,Phone,No E-Mail,1,1,96.88
7,1) $0 - $100,29.99,0,1,Rural,1,Phone,Womens E-Mail,1,1,34.05
9,3) $200 - $350,256.84,1,1,Surburban,1,Web,Womens E-Mail,1,1,29.99
7,2) $100 - $200,153.87,0,1,Urban,1,Phone,Womens E-Mail,1,1,29.99
2,"7) $1,000 +",1039.77,1,1,Rural,1,Phone,No E-Mail,1,1,112.69
7,4) $350 - $500,453.52,1,1,Surburban,0,Phone,Mens E-Mail,1,1,112.94
10,5) $500 - $750,528.77,1,0,Surburban,1,Phone,Mens E-Mail,1,1,55.09
1,3) $200 - $350,208.15,0,1,Surburban,0,Multichannel,Womens E-Mail,1,1,29.99
9,1) $0 - $100,29.99,0,1,Surburban,0,Web,Mens E-Mail,1,1,36.07
1,4) $350 - $500,453.91,1,0,Surburban,0,Web,No E-Mail,1,1,119.31
1,1) $0 - $100,89.48,0,1,Urban,0,Phone,No E-Mail,1,1,66.84
1,1) $0 - $100,44.55,0,1,Urban,1,Web,No E-Mail,1,1,32.07
11,1) $0 - $100,29.99,1,0,Surburban,0,Phone,No E-Mail,1,1,229.41
4,1) $0 - $100,29.99,1,0,Rural,0,Web,Womens E-Mail,1,1,210.44
6,4) $350 - $500,405.44,1,0,Surburban,0,Phone,Mens E-Mail,1,1,169.47
3,2) $100 - $200,164.38,1,0,Urban,0,Web,Mens E-Mail,1,1,70.4
1,"7) $1,000 +",1262.17,1,1,Rural,1,Phone,Womens E-Mail,1,1,29.99
8,4) $350 - $500,367.41,1,0,Urban,1,Web,Mens E-Mail,1,1,212.18
11,1) $0 - $100,29.99,0,1,Urban,0,Web,Womens E-Mail,1,1,194.41
8,1) $0 - $100,82.2,1,0,Rural,0,Web,No E-Mail,1,1,29.99
9,3) $200 - $350,285.21,1,0,Surburban,1,Phone,Mens E-Mail,1,1,150.99
9,5) $500 - $750,664.73,1,0,Surburban,1,Multichannel,Mens E-Mail,1,1,83.3
3,1) $0 - $100,29.99,0,1,Surburban,1,Web,No E-Mail,1,1,150.72
1,3) $200 - $350,214.52,0,1,Rural,0,Phone,No E-Mail,1,1,91.53
1,1) $0 - $100,29.99,0,1,Urban,1,Web,Womens E-Mail,1,1,87.82
1,1) $0 - $100,75.85,0,1,Rural,0,Web,Mens E-Mail,1,1,29.99
7,5) $500 - $750,578.79,0,1,Rural,1,Phone,Mens E-Mail,1,1,37.87
2,"6) $750 - $1,000",846.64,1,0,Urban,1,Web,Womens E-Mail,1,1,171.35
11,2) $100 - $200,152.6,0,1,Rural,1,Web,Womens E-Mail,1,1,147.37
3,4) $350 - $500,350.75,1,1,Rural,0,Web,No E-Mail,1,1,78.17
7,3) $200 - $350,288.4,0,1,Surburban,0,Web,Mens E-Mail,1,1,44.12
5,1) $0 - $100,49.54,1,0,Surburban,1,Web,Womens E-Mail,1,1,41.18
1,"7) $1,000 +",1173.86,0,1,Urban,1,Phone,Mens E-Mail,1,1,60.9
4,1) $0 - $100,36.45,1,0,Urban,0,Web,Mens E-Mail,1,1,29.99
4,1) $0 - $100,73.55,1,0,Urban,0,Web,Mens E-Mail,1,1,85.21
5,2) $100 - $200,102.32,0,1,Urban,1,Phone,Mens E-Mail,1,1,66.98
4,3) $200 - $350,234.88,1,0,Urban,0,Web,Mens E-Mail,1,1,29.99
3,2) $100 - $200,144.39,0,1,Urban,1,Phone,Mens E-Mail,1,1,141.24
10,1) $0 - $100,29.99,1,0,Surburban,0,Web,Mens E-Mail,1,1,104.47
4,2) $100 - $200,166.68,1,0,Surburban,0,Web,Mens E-Mail,1,1,29.99
8,3) $200 - $350,219.85,1,1,Surburban,1,Web,No E-Mail,1,1,444.92
2,5) $500 - $750,599.19,0,1,Surburban,1,Multichannel,Mens E-Mail,1,1,191.28
11,3) $200 - $350,287.23,1,0,Rural,0,Multichannel,Womens E-Mail,1,1,45.83
8,1) $0 - $100,34.89,1,0,Urban,1,Phone,Womens E-Mail,1,1,173.02
4,3) $200 - $350,232.74,0,1,Surburban,0,Phone,No E-Mail,1,1,32.22
6,3) $200 - $350,288.1,1,0,Surburban,1,Phone,No E-Mail,1,1,83.07
11,1) $0 - $100,68.68,1,0,Urban,0,Phone,No E-Mail,1,1,29.99
4,1) $0 - $100,73.55,0,1,Surburban,1,Web,Womens E-Mail,1,1,225.96
10,3) $200 - $350,304.63,1,1,Surburban,0,Phone,Mens E-Mail,1,1,191.63
1,3) $200 - $350,282.82,1,0,Surburban,0,Multichannel,Womens E-Mail,1,1,95.41
5,1) $0 - $100,43.48,0,1,Surburban,0,Web,Womens E-Mail,1,1,39.81
2,"6) $750 - $1,000",916.47,0,1,Surburban,1,Web,Mens E-Mail,1,1,29.99
2,4) $350 - $500,409.09,0,1,Rural,0,Web,Mens E-Mail,1,1,348.12
7,2) $100 - $200,147.99,1,0,Urban,0,Phone,Mens E-Mail,1,1,116.09
9,3) $200 - $350,219.56,0,1,Rural,0,Phone,No E-Mail,1,1,72.95
8,5) $500 - $750,509.23,1,0,Urban,1,Web,Womens E-Mail,1,1,462.78
1,4) $350 - $500,498.06,1,0,Urban,0,Multichannel,No E-Mail,1,1,209.68
5,3) $200 - $350,283.54,1,0,Rural,1,Phone,No E-Mail,1,1,59.05
6,4) $350 - $500,409.04,0,1,Surburban,0,Web,No E-Mail,1,1,29.99
7,2) $100 - $200,195.15,1,0,Rural,0,Web,No E-Mail,1,1,141.31
6,1) $0 - $100,83.59,0,1,Urban,1,Web,No E-Mail,1,1,100.75
1,1) $0 - $100,41.03,1,0,Surburban,0,Phone,Womens E-Mail,1,1,153.29
4,1) $0 - $100,57.16,0,1,Urban,1,Web,Mens E-Mail,1,1,29.99
2,5) $500 - $750,749.65,1,1,Urban,1,Multichannel,Womens E-Mail,1,1,189.79
4,2) $100 - $200,161.46,1,0,Urban,0,Web,Mens E-Mail,1,1,60.62
6,5) $500 - $750,614.42,1,1,Urban,1,Web,Womens E-Mail,1,1,113.8
1,5) $500 - $750,642.89,0,1,Urban,1,Multichannel,Womens E-Mail,1,1,126.96
10,1) $0 - $100,57.64,0,1,Rural,0,Phone,Womens E-Mail,1,1,29.99
1,5) $500 - $750,548.0,0,1,Surburban,1,Phone,Womens E-Mail,1,1,195.99
10,2) $100 - $200,197.61,1,0,Rural,1,Web,Mens E-Mail,1,1,300.8
6,3) $200 - $350,223.93,1,1,Urban,1,Web,Mens E-Mail,1,1,211.24
9,"6) $750 - $1,000",801.91,0,1,Urban,1,Phone,Mens E-Mail,1,1,177.91
4,4) $350 - $500,498.05,1,1,Surburban,1,Web,No E-Mail,1,1,29.99
1,1) $0 - $100,29.99,1,0,Surburban,0,Phone,Mens E-Mail,1,1,81.64
2,3) $200 - $350,285.37,0,1,Surburban,0,Multichannel,No E-Mail,1,1,46.77
1,4) $350 - $500,358.34,1,0,Urban,0,Phone,Mens E-Mail,1,1,29.99
10,1) $0 - $100,29.99,0,1,Urban,0,Web,No E-Mail,1,1,397.29
3,3) $200 - $350,316.24,1,0,Rural,1,Phone,Mens E-Mail,1,1,34.6
4,5) $500 - $750,533.62,1,1,Urban,1,Multichannel,No E-Mail,1,1,90.42
4,4) $350 - $500,464.45,0,1,Urban,0,Web,No E-Mail,1,1,36.18
9,4) $350 - $500,365.59,1,1,Rural,0,Multichannel,Womens E-Mail,1,1,29.99
6,1) $0 - $100,44.32,0,1,Urban,0,Web,No E-Mail,1,1,97.92
6,2) $100 - $200,123.53,1,0,Rural,0,Phone,No E-Mail,1,1,167.45
1,1) $0 - $100,85.11,0,1,Surburban,0,Phone,Womens E-Mail,1,1,36.2
1,2) $100 - $200,169.88,1,0,Surburban,1,Web,Mens E-Mail,1,1,57.31
9,3) $200 - $350,253.68,0,1,Rural,0,Multichannel,Mens E-Mail,1,1,84.05
1,"6) $750 - $1,000",870.02,0,1,Surburban,1,Phone,Mens E-Mail,1,1,29.99
3,3) $200 - $350,309.81,1,0,Rural,0,Web,Womens E-Mail,1,1,50.68
3,2) $100 - $200,137.63,0,1,Urban,1,Web,No E-Mail,1,1,53.98
1,4) $350 - $500,455.65,1,0,Urban,0,Phone,No E-Mail,1,1,102.24
2,1) $0 - $100,80.44,0,1,Surburban,0,Phone,Mens E-Mail,1,1,204.08
2,3) $200 - $350,253.11,0,1,Urban,0,Phone,No E-Mail,1,1,29.99
2,1) $0 - $100,33.71,0,1,Urban,1,Web,Womens E-Mail,1,1,108.36
3,4) $350 - $500,406.71,0,1,Surburban,0,Web,Mens E-Mail,1,1,43.84
1,2) $100 - $200,196.22,0,1,Rural,0,Web,No E-Mail,1,1,29.99
10,4) $350 - $500,380.72,0,1,Surburban,0,Web,Mens E-Mail,1,1,33.32
10,3) $200 - $350,290.62,1,0,Surburban,0,Web,Womens E-Mail,1,1,29.99
9,1) $0 - $100,52.34,1,0,Urban,0,Phone,Mens E-Mail,1,1,90.36
10,2) $100 - $200,169.15,0,1,Surburban,0,Web,Womens E-Mail,1,1,104.22
2,3) $200 - $350,242.13,1,0,Rural,0,Phone,Mens E-Mail,1,1,96.42
3,1) $0 - $100,29.99,0,1,Surburban,0,Web,Mens E-Mail,1,1,206.43
1,1) $0 - $100,74.54,1,0,Rural,0,Phone,Mens E-Mail,1,1,32.99
7,3) $200 - $350,287.52,1,1,Urban,0,Phone,Womens E-Mail,1,1,43.7
1,1) $0 - $100,29.99,0,1,Surburban,0,Phone,No E-Mail,1,1,34.66
1,5) $500 - $750,736.56,1,0,Urban,1,Multichannel,Womens E-Mail,1,1,29.99
9,3) $200 - $350,228.59,0,1,Surburban,0,Web,Mens E-Mail,1,1,44.14
6,2) $100 - $200,110.24,0,1,Rural,1,Web,Womens E-Mail,1,1,29.99
2,1) $0 - $100,71.05,1,0,Urban,0,Phone,Mens E-Mail,1,1,60.81
3,4) $350 - $500,438.68,0,1,Urban,0,Multichannel,Womens E-Mail,1,1,41.45
2,1) $0 - $100,83.62,1,0,Urban,0,Web,Womens E-Mail,1,1,140.24
8,2) $100 - $200,176.33,0,1,Rural,1,Web,No E-Mail,1,1,98.5
6,3) $200 - $350,260.39,0,1,Urban,0,Phone,Mens E-Mail,1,1,29.99
2,4) $350 - $500,498.12,1,0,Urban,0,Web,Womens E-Mail,1,1,29.99
1,4) $350 - $500,486.48,1,0,Urban,0,Web,Mens E-Mail,1,1,32.51
2,3) $200 - $350,202.17,0,1,Surburban,0,Web,Mens E-Mail,1,1,29.99
1,3) $200 - $350,251.61,1,0,Urban,0,Web,Mens E-Mail,1,1,256.05
3,1) $0 - $100,89.58,0,1,Surburban,1,Web,Mens E-Mail,1,1,98.31
1,"6) $750 - $1,000",911.82,1,1,Surburban,1,Phone,Womens E-Mail,1,1,29.99
4,1) $0 - $100,29.99,1,0,Urban,0,Web,Mens E-Mail,1,1,132.2
2,"7) $1,000 +",1005.18,1,1,Urban,1,Web,Mens E-Mail,1,1,97.23
2,1) $0 - $100,29.99,0,1,Urban,1,Phone,Mens E-Mail,1,1,29.99
12,1) $0 - $100,29.99,0,1,Urban,0,Web,No E-Mail,1,1,114.53
1,4) $350 - $500,388.61,0,1,Urban,0,Multichannel,Womens E-Mail,1,1,88.56
9,2) $100 - $200,151.14,1,0,Surburban,0,Phone,Mens E-Mail,1,1,90.15
4,"6) $750 - $1,000",774.59,0,1,Rural,1,Multichannel,Mens E-Mail,1,1,29.99
4,4) $350 - $500,416.46,0,1,Surburban,0,Phone,Mens E-Mail,1,1,190.74
3,1) $0 - $100,31.53,0,1,Surburban,0,Phone,Womens E-Mail,1,1,362.2
3,4) $350 - $500,351.29,1,0,Surburban,0,Phone,No E-Mail,1,1,146.82
12,1) $0 - $100,29.99,1,0,Surburban,1,Web,Mens E-Mail,1,1,499.0
2,4) $350 - $500,492.73,0,1,Surburban,0,Multichannel,Mens E-Mail,1,1,92.24
9,5) $500 - $750,544.11,1,0,Rural,1,Phone,Womens E-Mail,1,1,273.8
7,3) $200 - $350,200.53,0,1,Rural,0,Web,Mens E-Mail,1,1,159.46
3,2) $100 - $200,141.78,0,1,Rural,0,Web,No E-Mail,1,1,170.39
5,4) $350 - $500,389.76,1,1,Surburban,0,Multichannel,Womens E-Mail,1,1,29.99
5,3) $200 - $350,349.59,1,1,Surburban,0,Phone,Mens E-Mail,1,1,120.14
6,4) $350 - $500,430.65,1,1,Urban,0,Multichannel,Mens E-Mail,1,1,73.81
2,2) $100 - $200,182.91,0,1,Rural,0,Phone,Womens E-Mail,1,1,100.45
1,2) $100 - $200,106.27,0,1,Surburban,1,Web,Mens E-Mail,1,1,47.53
2,5) $500 - $750,711.82,1,1,Surburban,1,Multichannel,Womens E-Mail,1,1,29.99
2,2) $100 - $200,186.32,1,0,Surburban,1,Phone,Womens E-Mail,1,1,148.11
9,1) $0 - $100,82.12,1,0,Urban,0,Phone,Mens E-Mail,1,1,50.0
2,3) $200 - $350,237.92,0,1,Urban,0,Web,Mens E-Mail,1,1,29.99
10,2) $100 - $200,132.93,0,1,Surburban,0,Web,Womens E-Mail,1,1,49.7
3,3) $200 - $350,278.83,1,0,Urban,0,Web,No E-Mail,1,1,77.34
2,3) $200 - $350,276.58,1,0,Surburban,0,Web,No E-Mail,1,1,358.29
1,4) $350 - $500,428.75,1,0,Urban,0,Multichannel,No E-Mail,1,1,29.99
1,3) $200 - $350,215.1,0,1,Rural,1,Multichannel,No E-Mail,1,1,29.99
1,1) $0 - $100,74.59,0,1,Surburban,1,Phone,Womens E-Mail,1,1,64.93
3,5) $500 - $750,583.97,1,1,Surburban,1,Phone,Womens E-Mail,1,1,32.43
10,1) $0 - $100,32.04,1,0,Urban,1,Web,Mens E-Mail,1,1,193.02
2,3) $200 - $350,282.47,1,1,Surburban,1,Multichannel,No E-Mail,1,1,96.28
2,2) $100 - $200,136.64,1,0,Urban,0,Web,No E-Mail,1,1,76.61
3,1) $0 - $100,57.31,0,1,Urban,1,Phone,No E-Mail,1,1,29.99
7,1) $0 - $100,40.78,1,0,Surburban,1,Phone,Mens E-Mail,1,1,382.78
1,3) $200 - $350,243.77,1,0,Rural,0,Phone,Mens E-Mail,1,1,29.99
12,2) $100 - $200,103.46,1,0,Surburban,1,Web,Mens E-Mail,1,1,212.94
1,5) $500 - $750,533.66,1,0,Urban,1,Phone,Womens E-Mail,1,1,231.94
9,5) $500 - $750,618.2,1,1,Surburban,1,Multichannel,Mens E-Mail,1,1,73.82
3,"6) $750 - $1,000",790.75,0,1,Rural,1,Web,Mens E-Mail,1,1,29.99
4,1) $0 - $100,29.99,0,1,Urban,1,Phone,Womens E-Mail,1,1,146.2
3,4) $350 - $500,356.82,1,1,Surburban,0,Web,Mens E-Mail,1,1,29.99
8,5) $500 - $750,595.51,0,1,Urban,1,Web,Mens E-Mail,1,1,29.99
10,1) $0 - $100,52.27,0,1,Urban,1,Web,Mens E-Mail,1,1,57.9
10,1) $0 - $100,29.99,0,1,Surburban,1,Web,Mens E-Mail,1,1,29.99
4,1) $0 - $100,29.99,0,1,Rural,0,Phone,No E-Mail,1,1,95.63
6,"7) $1,000 +",1653.84,1,0,Surburban,1,Multichannel,No E-Mail,1,1,68.64
9,1) $0 - $100,34.84,0,1,Surburban,0,Web,Womens E-Mail,1,1,29.99
4,"7) $1,000 +",1434.9,1,0,Surburban,1,Multichannel,Womens E-Mail,1,1,499.0
12,3) $200 - $350,225.29,1,0,Surburban,1,Web,Mens E-Mail,1,1,64.45
5,5) $500 - $750,676.78,1,0,Surburban,1,Multichannel,Mens E-Mail,1,1,83.26
4,4) $350 - $500,363.76,1,0,Surburban,0,Web,Mens E-Mail,1,1,72.41
2,5) $500 - $750,645.59,1,1,Urban,1,Multichannel,Womens E-Mail,1,1,44.64
9,4) $350 - $500,378.46,1,1,Surburban,0,Phone,No E-Mail,1,1,363.23
1,1) $0 - $100,96.34,1,0,Urban,0,Phone,Womens E-Mail,1,1,276.77
6,1) $0 - $100,74.98,0,1,Urban,0,Phone,Womens E-Mail,1,1,176.11
6,4) $350 - $500,474.25,1,0,Urban,0,Phone,No E-Mail,1,1,29.99
9,1) $0 - $100,83.91,0,1,Rural,0,Web,Mens E-Mail,1,1,38.12
2,5) $500 - $750,503.9,1,1,Urban,1,Multichannel,Womens E-Mail,1,1,192.83
1,4) $350 - $500,419.62,1,1,Surburban,0,Multichannel,Mens E-Mail,1,1,57.73
1,5) $500 - $750,525.75,1,1,Urban,1,Multichannel,Mens E-Mail,1,1,29.99
7,3) $200 - $350,215.61,1,0,Urban,0,Phone,No E-Mail,1,1,248.04
1,"6) $750 - $1,000",851.87,1,1,Surburban,1,Phone,Mens E-Mail,1,1,52.88
2,1) $0 - $100,29.99,1,0,Rural,0,Web,Womens E-Mail,1,1,149.91
1,5) $500 - $750,646.37,1,1,Urban,1,Multichannel,Womens E-Mail,1,1,146.55
1,2) $100 - $200,122.16,0,1,Rural,1,Phone,Womens E-Mail,1,1,184.3
3,3) $200 - $350,334.23,0,1,Urban,0,Phone,Womens E-Mail,1,1,65.49
3,1) $0 - $100,99.16,0,1,Urban,0,Phone,Mens E-Mail,1,1,46.38
10,5) $500 - $750,525.36,1,0,Urban,1,Phone,Mens E-Mail,1,1,164.53
8,4) $350 - $500,400.92,0,1,Urban,0,Multichannel,Womens E-Mail,1,1,275.73
1,4) $350 - $500,465.8,1,0,Surburban,0,Web,Mens E-Mail,1,1,29.99
1,2) $100 - $200,125.29,1,0,Surburban,1,Phone,Mens E-Mail,1,1,29.99
2,1) $0 - $100,53.34,1,0,Urban,1,Phone,Womens E-Mail,1,1,101.09
8,1) $0 - $100,29.99,1,0,Surburban,0,Web,No E-Mail,1,1,144.22
6,2) $100 - $200,103.33,1,0,Urban,1,Web,Mens E-Mail,1,1,41.38
8,2) $100 - $200,170.27,0,1,Surburban,0,Phone,Mens E-Mail,1,1,29.99
3,2) $100 - $200,164.88,1,0,Urban,1,Phone,Womens E-Mail,1,1,88.0
2,1) $0 - $100,50.39,1,0,Urban,0,Web,Mens E-Mail,1,1,499.0
7,1) $0 - $100,64.13,1,0,Urban,1,Phone,Mens E-Mail,1,1,228.99
8,2) $100 - $200,135.08,0,1,Surburban,1,Phone,Mens E-Mail,1,1,149.58
1,4) $350 - $500,482.28,0,1,Surburban,0,Multichannel,Womens E-Mail,1,1,58.39
3,"6) $750 - $1,000",815.43,1,1,Rural,1,Web,Womens E-Mail,1,1,55.02
1,5) $500 - $750,564.19,0,1,Surburban,1,Multichannel,Mens E-Mail,1,1,29.99
7,1) $0 - $100,38.07,0,1,Surburban,1,Phone,Mens E-Mail,1,1,30.94
1,3) $200 - $350,252.82,1,1,Surburban,0,Phone,Mens E-Mail,1,1,176.88
10,2) $100 - $200,162.04,1,0,Rural,0,Phone,Womens E-Mail,1,1,35.2
1,"7) $1,000 +",1628.41,0,1,Urban,1,Web,Womens E-Mail,1,1,76.16
9,3) $200 - $350,333.02,1,0,Urban,1,Web,Mens E-Mail,1,1,29.99
11,4) $350 - $500,444.85,1,1,Surburban,0,Phone,Womens E-Mail,1,1,153.91
10,3) $200 - $350,284.91,0,1,Urban,0,Phone,Mens E-Mail,1,1,65.49
8,"7) $1,000 +",1115.93,1,1,Urban,1,Phone,Womens E-Mail,1,1,83.26
5,"6) $750 - $1,000",865.86,1,0,Urban,1,Multichannel,Mens E-Mail,1,1,68.37
2,1) $0 - $100,39.31,0,1,Surburban,1,Web,Womens E-Mail,1,1,499.0
4,3) $200 - $350,310.89,1,1,Rural,0,Multichannel,No E-Mail,1,1,328.36
5,4) $350 - $500,382.68,0,1,Urban,0,Web,No E-Mail,1,1,91.75
8,1) $0 - $100,96.18,0,1,Surburban,0,Phone,No E-Mail,1,1,246.9
4,"7) $1,000 +",1317.57,1,1,Surburban,1,Multichannel,Mens E-Mail,1,1,29.99
1,1) $0 - $100,73.3,0,1,Urban,0,Phone,Mens E-Mail,1,1,60.65
7,3) $200 - $350,340.69,0,1,Surburban,0,Phone,Mens E-Mail,1,1,192.64
2,1) $0 - $100,60.33,0,1,Surburban,1,Web,Womens E-Mail,1,1,126.66
12,1) $0 - $100,29.99,1,0,Urban,1,Web,Womens E-Mail,1,1,82.51
1,2) $100 - $200,102.57,0,1,Surburban,0,Web,No E-Mail,1,1,29.99
1,3) $200 - $350,308.57,1,0,Urban,0,Web,Mens E-Mail,1,1,66.76
8,2) $100 - $200,188.27,0,1,Rural,0,Phone,Mens E-Mail,1,1,137.27
10,1) $0 - $100,29.99,0,1,Surburban,0,Phone,Womens E-Mail,1,1,304.66
5,4) $350 - $500,378.78,1,0,Surburban,1,Multichannel,Womens E-Mail,1,1,106.61
5,2) $100 - $200,142.3,1,0,Rural,0,Phone,Womens E-Mail,1,1,124.07
2,5) $500 - $750,594.91,1,0,Surburban,1,Multichannel,No E-Mail,1,1,38.85
1,1) $0 - $100,59.41,0,1,Rural,1,Web,Womens E-Mail,1,1,29.99
10,2) $100 - $200,197.63,0,1,Surburban,0,Web,Womens E-Mail,1,1,144.3
1,1) $0 - $100,71.58,0,1,Surburban,0,Web,Womens E-Mail,1,1,31.03
9,2) $100 - $200,171.01,0,1,Rural,0,Web,Womens E-Mail,1,1,309.08
4,"6) $750 - $1,000",819.31,1,0,Urban,1,Web,Womens E-Mail,1,1,29.99
2,3) $200 - $350,266.18,1,0,Urban,0,Web,Mens E-Mail,1,1,62.12
2,3) $200 - $350,281.36,1,0,Surburban,0,Web,Womens E-Mail,1,1,29.99
1,4) $350 - $500,379.54,0,1,Urban,0,Multichannel,No E-Mail,1,1,52.35
2,1) $0 - $100,51.78,0,1,Rural,0,Phone,Womens E-Mail,1,1,69.9
10,1) $0 - $100,95.76,1,0,Urban,0,Web,Mens E-Mail,1,1,29.99
2,4) $350 - $500,359.23,1,0,Urban,0,Multichannel,Mens E-Mail,1,1,133.89
2,4) $350 - $500,467.73,0,1,Urban,0,Web,No E-Mail,1,1,61.11
2,4) $350 - $500,389.37,1,0,Urban,0,Phone,Mens E-Mail,1,1,49.21
1,5) $500 - $750,615.14,1,1,Urban,1,Multichannel,Womens E-Mail,1,1,29.99
3,4) $350 - $500,427.13,0,1,Surburban,0,Web,Mens E-Mail,1,1,95.29
10,3) $200 - $350,347.6,1,1,Rural,0,Multichannel,Mens E-Mail,1,1,29.99
3,1) $0 - $100,29.99,1,0,Rural,1,Phone,Mens E-Mail,1,1,126.77
8,1) $0 - $100,50.47,1,0,Rural,1,Web,Mens E-Mail,1,1,66.31
3,3) $200 - $350,297.9,1,1,Surburban,0,Web,Mens E-Mail,1,1,393.43
4,4) $350 - $500,430.98,1,0,Surburban,0,Phone,Womens E-Mail,1,1,29.99
2,1) $0 - $100,49.6,1,0,Rural,1,Web,Mens E-Mail,1,1,223.57
10,1) $0 - $100,29.99,1,0,Urban,0,Web,No E-Mail,1,1,130.14
7,3) $200 - $350,289.85,0,1,Surburban,1,Web,Mens E-Mail,1,1,29.99
1,2) $100 - $200,134.11,0,1,Surburban,0,Phone,No E-Mail,1,1,93.06
4,2) $100 - $200,117.89,1,0,Rural,0,Web,Mens E-Mail,1,1,56.86
2,2) $100 - $200,100.78,1,0,Rural,1,Web,Mens E-Mail,1,1,334.03
3,2) $100 - $200,125.78,0,1,Urban,0,Phone,Mens E-Mail,1,1,29.99
4,3) $200 - $350,276.33,1,0,Surburban,1,Web,Mens E-Mail,1,1,29.99
6,1) $0 - $100,99.97,1,0,Urban,1,Web,Mens E-Mail,1,1,76.51
3,3) $200 - $350,324.4,1,0,Surburban,0,Phone,Mens E-Mail,1,1,43.49
4,2) $100 - $200,182.85,0,1,Rural,0,Web,Mens E-Mail,1,1,91.76
2,1) $0 - $100,55.77,1,0,Urban,0,Phone,No E-Mail,1,1,499.0
9,4) $350 - $500,355.17,0,1,Urban,0,Phone,Mens E-Mail,1,1,29.99
4,3) $200 - $350,297.67,1,0,Rural,0,Web,Womens E-Mail,1,1,244.15
1,"7) $1,000 +",1096.52,1,0,Surburban,1,Phone,No E-Mail,1,1,499.0
7,3) $200 - $350,260.26,1,0,Surburban,1,Phone,Mens E-Mail,1,1,36.09
5,4) $350 - $500,429.66,0,1,Rural,0,Multichannel,Mens E-Mail,1,1,99.89
1,1) $0 - $100,64.7,0,1,Rural,0,Web,Mens E-Mail,1,1,97.27
8,1) $0 - $100,29.99,1,0,Urban,1,Phone,Mens E-Mail,1,1,29.99
4,4) $350 - $500,498.04,0,1,Urban,1,Phone,Mens E-Mail,1,1,139.55
3,5) $500 - $750,707.31,1,0,Surburban,1,Web,Mens E-Mail,1,1,164.31
11,1) $0 - $100,29.99,0,1,Urban,0,Web,Womens E-Mail,1,1,108.32
2,"6) $750 - $1,000",878.82,1,1,Urban,1,Multichannel,No E-Mail,1,1,36.89
3,"7) $1,000 +",1694.68,1,1,Rural,1,Multichannel,No E-Mail,1,1,86.78
4,3) $200 - $350,247.92,1,0,Urban,0,Web,Mens E-Mail,1,1,29.99
1,4) $350 - $500,365.79,1,0,Urban,0,Phone,Mens E-Mail,1,1,499.0
10,3) $200 - $350,248.41,1,1,Surburban,0,Multichannel,Mens E-Mail,1,1,29.99
12,1) $0 - $100,96.36,0,1,Urban,0,Web,Womens E-Mail,1,1,29.99
10,2) $100 - $200,107.64,1,0,Surburban,0,Web,Mens E-Mail,1,1,29.99
11,1) $0 - $100,29.99,1,0,Rural,0,Web,No E-Mail,1,1,55.71
12,1) $0 - $100,37.57,0,1,Surburban,0,Phone,Mens E-Mail,1,1,99.02
3,"6) $750 - $1,000",821.09,1,1,Urban,1,Phone,Mens E-Mail,1,1,49.79
12,2) $100 - $200,101.24,0,1,Surburban,1,Phone,Mens E-Mail,1,1,35.51
2,5) $500 - $750,585.7,1,1,Urban,1,Web,Womens E-Mail,1,1,29.99
11,1) $0 - $100,37.56,1,0,Surburban,0,Web,Mens E-Mail,1,1,106.97
1,"7) $1,000 +",2141.12,0,1,Surburban,1,Web,Mens E-Mail,1,1,246.94
2,4) $350 - $500,496.21,1,1,Surburban,0,Multichannel,Mens E-Mail,1,1,385.28
5,5) $500 - $750,630.33,1,1,Rural,1,Web,No E-Mail,1,1,116.45
7,4) $350 - $500,371.51,0,1,Rural,1,Multichannel,Womens E-Mail,1,1,122.38
1,1) $0 - $100,29.99,0,1,Urban,0,Phone,Mens E-Mail,1,1,34.1
1,"7) $1,000 +",1400.87,1,1,Surburban,1,Multichannel,Mens E-Mail,1,1,47.98
6,1) $0 - $100,45.35,1,0,Surburban,0,Phone,Mens E-Mail,1,1,29.99
3,5) $500 - $750,553.88,0,1,Surburban,1,Phone,Womens E-Mail,1,1,164.99
7,2) $100 - $200,180.59,1,0,Urban,1,Phone,Mens E-Mail,1,1,230.91
2,5) $500 - $750,633.86,1,1,Urban,1,Phone,Womens E-Mail,1,1,29.99
3,"6) $750 - $1,000",799.28,1,1,Urban,1,Multichannel,Mens E-Mail,1,1,110.71
5,2) $100 - $200,192.12,0,1,Rural,0,Web,Womens E-Mail,1,1,29.99
5,1) $0 - $100,29.99,1,0,Surburban,1,Phone,Mens E-Mail,1,1,29.99
10,1) $0 - $100,90.31,1,0,Urban,0,Phone,No E-Mail,1,1,148.61
7,1) $0 - $100,99.55,0,1,Rural,0,Phone,Mens E-Mail,1,1,153.09
2,2) $100 - $200,105.84,0,1,Surburban,1,Phone,No E-Mail,1,1,158.96
3,2) $100 - $200,187.3,1,0,Urban,0,Web,No E-Mail,1,1,75.41
10,1) $0 - $100,90.29,1,0,Surburban,1,Web,Mens E-Mail,1,1,29.99
2,"7) $1,000 +",1020.29,0,1,Surburban,1,Multichannel,Womens E-Mail,1,1,103.93
3,4) $350 - $500,441.13,1,1,Surburban,0,Phone,No E-Mail,1,1,123.87
2,1) $0 - $100,87.27,0,1,Urban,0,Web,Mens E-Mail,1,1,29.99
9,1) $0 - $100,29.99,1,0,Urban,1,Web,Womens E-Mail,1,1,75.22
6,1) $0 - $100,29.99,0,1,Surburban,0,Phone,Womens E-Mail,1,1,29.99
3,"6) $750 - $1,000",942.29,1,0,Surburban,1,Phone,Womens E-Mail,1,1,33.66
10,1) $0 - $100,77.47,1,0,Surburban,1,Web,Mens E-Mail,1,1,29.99
3,5) $500 - $750,524.93,1,0,Rural,1,Web,Womens E-Mail,1,1,125.56
2,1) $0 - $100,30.4,1,0,Urban,0,Web,Mens E-Mail,1,1,379.91
1,"6) $750 - $1,000",891.13,1,1,Urban,1,Web,Mens E-Mail,1,1,30.98
4,"7) $1,000 +",1034.62,1,0,Surburban,1,Phone,Womens E-Mail,1,1,189.3
11,4) $350 - $500,367.31,1,1,Rural,1,Phone,No E-Mail,1,1,29.99
3,1) $0 - $100,29.99,0,1,Urban,0,Web,Womens E-Mail,1,1,81.01
1,2) $100 - $200,119.03,1,0,Urban,1,Phone,No E-Mail,1,1,188.21
3,3) $200 - $350,223.62,0,1,Surburban,0,Web,No E-Mail,1,1,71.75
1,1) $0 - $100,78.55,0,1,Surburban,0,Web,Womens E-Mail,1,1,105.04
3,3) $200 - $350,221.57,1,0,Surburban,0,Web,No E-Mail,1,1,61.62
2,4) $350 - $500,425.79,1,0,Surburban,0,Multichannel,No E-Mail,1,1,193.25
6,"7) $1,000 +",1039.2,1,1,Urban,1,Web,Womens E-Mail,1,1,168.51
2,1) $0 - $100,49.29,0,1,Surburban,1,Phone,Womens E-Mail,1,1,98.26
3,4) $350 - $500,447.06,1,1,Urban,1,Phone,Mens E-Mail,1,1,206.76
5,1) $0 - $100,52.56,0,1,Rural,0,Web,Womens E-Mail,1,1,111.46
3,"7) $1,000 +",1020.83,0,1,Surburban,1,Phone,Mens E-Mail,1,1,499.0
6,1) $0 - $100,68.67,0,1,Surburban,1,Web,Mens E-Mail,1,1,29.99
10,2) $100 - $200,106.53,0,1,Urban,0,Web,Womens E-Mail,1,1,109.64
9,4) $350 - $500,360.66,1,0,Surburban,0,Multichannel,Mens E-Mail,1,1,257.51
5,5) $500 - $750,739.86,1,1,Urban,1,Phone,No E-Mail,1,1,121.45
10,1) $0 - $100,29.99,0,1,Urban,1,Phone,Womens E-Mail,1,1,271.51
10,3) $200 - $350,202.58,1,0,Surburban,0,Web,Mens E-Mail,1,1,29.99
2,1) $0 - $100,51.71,0,1,Urban,1,Phone,Womens E-Mail,1,1,146.33
2,1) $0 - $100,29.99,1,0,Urban,0,Phone,Womens E-Mail,1,1,350.17
3,4) $350 - $500,382.37,1,1,Urban,1,Multichannel,Mens E-Mail,1,1,93.22
9,4) $350 - $500,352.94,0,1,Urban,0,Web,Womens E-Mail,1,1,30.7
10,1) $0 - $100,29.99,1,0,Surburban,1,Web,Mens E-Mail,1,1,29.99
5,1) $0 - $100,64.69,0,1,Surburban,1,Web,No E-Mail,1,1,66.17
10,3) $200 - $350,237.92,1,0,Urban,0,Phone,Mens E-Mail,1,1,69.71
1,"7) $1,000 +",1075.99,0,1,Surburban,1,Phone,Mens E-Mail,1,1,142.53
9,3) $200 - $350,268.71,0,1,Surburban,0,Multichannel,Womens E-Mail,1,1,130.2
2,4) $350 - $500,363.58,0,1,Rural,0,Web,Mens E-Mail,1,1,38.23
1,3) $200 - $350,319.65,1,1,Surburban,1,Web,Mens E-Mail,1,1,56.63
3,"7) $1,000 +",1161.56,1,1,Urban,1,Web,Mens E-Mail,1,1,29.99
2,1) $0 - $100,51.34,0,1,Surburban,0,Web,Womens E-Mail,1,1,29.99
12,1) $0 - $100,94.75,0,1,Urban,1,Phone,Womens E-Mail,1,1,113.83
11,1) $0 - $100,29.99,1,0,Surburban,0,Web,Mens E-Mail,1,1,43.96
10,4) $350 - $500,354.75,1,0,Urban,0,Phone,No E-Mail,1,1,111.84
1,"7) $1,000 +",1101.71,1,1,Surburban,1,Web,Mens E-Mail,1,1,292.16
3,3) $200 - $350,256.23,1,0,Rural,0,Multichannel,Mens E-Mail,1,1,30.24
4,4) $350 - $500,370.88,1,1,Urban,1,Web,Mens E-Mail,1,1,92.44
1,3) $200 - $350,239.11,0,1,Urban,0,Multichannel,Mens E-Mail,1,1,29.99
5,5) $500 - $750,504.95,1,0,Surburban,1,Multichannel,Mens E-Mail,1,1,201.87
10,1) $0 - $100,43.64,0,1,Surburban,0,Web,Mens E-Mail,1,1,421.17
1,3) $200 - $350,249.17,0,1,Urban,0,Phone,Womens E-Mail,1,1,51.99
3,3) $200 - $350,249.15,1,0,Urban,0,Web,No E-Mail,1,1,29.99
9,5) $500 - $750,659.02,1,1,Urban,1,Phone,Mens E-Mail,1,1,62.68
12,3) $200 - $350,256.16,0,1,Urban,0,Web,Mens E-Mail,1,1,36.82
3,5) $500 - $750,730.41,1,0,Rural,1,Multichannel,Womens E-Mail,1,1,49.55
9,1) $0 - $100,57.75,1,0,Surburban,1,Web,Mens E-Mail,1,1,33.68
1,3) $200 - $350,216.47,0,1,Urban,0,Multichannel,Mens E-Mail,1,1,29.99
4,1) $0 - $100,29.99,1,0,Urban,0,Web,Womens E-Mail,1,1,245.84
4,1) $0 - $100,57.74,1,0,Urban,0,Web,No E-Mail,1,1,69.06
9,4) $350 - $500,497.55,0,1,Surburban,0,Web,Mens E-Mail,1,1,346.64
9,3) $200 - $350,304.79,0,1,Rural,0,Web,Mens E-Mail,1,1,116.1
8,"7) $1,000 +",1422.37,1,0,Rural,1,Phone,Womens E-Mail,1,1,202.6
1,"6) $750 - $1,000",938.86,1,0,Urban,1,Phone,No E-Mail,1,1,89.95
10,3) $200 - $350,216.77,1,1,Urban,1,Multichannel,Mens E-Mail,1,1,421.76
11,1) $0 - $100,65.67,1,0,Rural,1,Web,Mens E-Mail,1,1,147.19
7,2) $100 - $200,167.92,0,1,Surburban,0,Phone,Mens E-Mail,1,1,91.59
1,5) $500 - $750,525.78,0,1,Surburban,1,Phone,Womens E-Mail,1,1,159.99
9,1) $0 - $100,54.56,1,0,Surburban,0,Phone,Womens E-Mail,1,1,33.02
1,5) $500 - $750,569.13,1,0,Surburban,1,Phone,Mens E-Mail,1,1,144.51
4,4) $350 - $500,370.95,0,1,Urban,0,Phone,No E-Mail,1,1,29.99
3,2) $100 - $200,158.21,0,1,Surburban,0,Phone,Womens E-Mail,1,1,83.91
5,4) $350 - $500,477.28,1,1,Urban,0,Multichannel,Mens E-Mail,1,1,341.0
1,"7) $1,000 +",1747.62,0,1,Surburban,1,Multichannel,Mens E-Mail,1,1,143.52
3,1) $0 - $100,29.99,0,1,Urban,1,Phone,Womens E-Mail,1,1,29.99
10,1) $0 - $100,29.99,0,1,Surburban,0,Web,Mens E-Mail,1,1,87.4
10,1) $0 - $100,29.99,1,0,Urban,1,Phone,Mens E-Mail,1,1,359.35
9,3) $200 - $350,288.23,0,1,Surburban,0,Multichannel,Mens E-Mail,1,1,29.99
1,4) $350 - $500,410.79,1,0,Rural,0,Multichannel,No E-Mail,1,1,29.99
9,3) $200 - $350,269.65,0,1,Surburban,0,Web,Mens E-Mail,1,1,29.99
1,2) $100 - $200,174.19,0,1,Urban,0,Web,Mens E-Mail,1,1,29.99
1,2) $100 - $200,136.67,1,0,Rural,1,Phone,Mens E-Mail,1,1,499.0
4,4) $350 - $500,354.32,0,1,Surburban,1,Web,Mens E-Mail,1,1,33.51
9,2) $100 - $200,170.36,1,0,Surburban,0,Phone,No E-Mail,1,1,29.99
4,5) $500 - $750,549.28,0,1,Urban,1,Multichannel,Womens E-Mail,1,1,29.99
2,5) $500 - $750,740.96,1,1,Urban,1,Phone,Mens E-Mail,1,1,53.72
2,4) $350 - $500,421.74,0,1,Urban,0,Web,Mens E-Mail,1,1,29.99
1,3) $200 - $350,265.69,0,1,Rural,0,Web,Mens E-Mail,1,1,95.77
3,2) $100 - $200,181.8,1,0,Urban,1,Web,No E-Mail,1,1,91.92
1,1) $0 - $100,33.87,1,0,Urban,0,Phone,Mens E-Mail,1,1,29.99
10,"6) $750 - $1,000",814.13,1,0,Urban,1,Multichannel,Mens E-Mail,1,1,40.43
3,1) $0 - $100,72.07,1,0,Surburban,0,Phone,Mens E-Mail,1,1,117.5
11,4) $350 - $500,373.38,0,1,Rural,0,Web,Womens E-Mail,1,1,59.32
8,1) $0 - $100,36.72,0,1,Surburban,1,Web,Mens E-Mail,1,1,66.28
4,1) $0 - $100,55.63,1,0,Rural,0,Web,Womens E-Mail,1,1,362.2
11,2) $100 - $200,109.19,0,1,Surburban,1,Web,Mens E-Mail,1,1,45.18
3,1) $0 - $100,75.44,0,1,Urban,0,Web,No E-Mail,1,1,34.38
1,2) $100 - $200,150.61,1,0,Urban,0,Phone,No E-Mail,1,1,120.43
2,3) $200 - $350,262.8,1,0,Rural,0,Phone,No E-Mail,1,1,198.45
7,4) $350 - $500,403.47,0,1,Surburban,1,Multichannel,No E-Mail,1,1,34.02
4,1) $0 - $100,29.99,1,0,Urban,0,Web,Womens E-Mail,1,1,499.0
10,2) $100 - $200,107.82,0,1,Surburban,1,Web,Womens E-Mail,1,1,37.79
1,5) $500 - $750,615.53,1,0,Urban,1,Multichannel,Mens E-Mail,1,1,44.26
3,1) $0 - $100,29.99,1,0,Urban,1,Web,Womens E-Mail,1,1,156.58
10,2) $100 - $200,169.19,0,1,Urban,0,Phone,Womens E-Mail,1,1,123.68
1,2) $100 - $200,173.28,0,1,Surburban,0,Phone,Womens E-Mail,1,1,52.67
12,1) $0 - $100,79.71,1,0,Surburban,0,Phone,No E-Mail,1,1,208.87
1,5) $500 - $750,705.52,1,1,Urban,1,Phone,No E-Mail,1,1,39.91
1,2) $100 - $200,118.42,0,1,Urban,1,Phone,Mens E-Mail,1,1,178.78
8,1) $0 - $100,29.99,0,1,Urban,0,Web,No E-Mail,1,1,384.83
11,1) $0 - $100,45.36,1,0,Rural,0,Phone,Mens E-Mail,1,1,29.99
3,2) $100 - $200,144.35,0,1,Surburban,0,Web,Mens E-Mail,1,1,397.32
5,2) $100 - $200,178.06,1,0,Surburban,0,Phone,Mens E-Mail,1,1,159.54
5,2) $100 - $200,167.16,0,1,Urban,1,Web,Womens E-Mail,1,1,29.99
6,1) $0 - $100,61.08,1,0,Surburban,0,Phone,Mens E-Mail,1,1,29.99
12,1) $0 - $100,29.99,1,0,Urban,0,Web,Mens E-Mail,1,1,44.7
4,3) $200 - $350,326.55,1,0,Surburban,0,Web,Mens E-Mail,1,1,33.13
3,2) $100 - $200,158.75,0,1,Surburban,0,Web,Mens E-Mail,1,1,316.08
12,4) $350 - $500,442.65,0,1,Rural,1,Multichannel,Womens E-Mail,1,1,70.8
1,4) $350 - $500,357.99,1,0,Urban,0,Multichannel,Mens E-Mail,1,1,237.07
12,2) $100 - $200,144.36,1,0,Rural,0,Phone,No E-Mail,1,1,73.77
9,2) $100 - $200,109.04,1,0,Rural,1,Web,Womens E-Mail,1,1,51.92
12,2) $100 - $200,143.71,1,0,Urban,0,Phone,No E-Mail,1,1,29.99
9,1) $0 - $100,62.17,1,0,Urban,0,Web,Womens E-Mail,1,1,29.99
9,1) $0 - $100,84.78,1,0,Rural,0,Phone,No E-Mail,1,1,72.05
8,2) $100 - $200,196.48,0,1,Urban,0,Web,Mens E-Mail,1,1,29.99
2,5) $500 - $750,579.54,0,1,Urban,1,Web,Womens E-Mail,1,1,29.99
6,1) $0 - $100,81.39,0,1,Rural,0,Phone,Womens E-Mail,1,1,182.91
3,3) $200 - $350,232.62,1,0,Surburban,0,Web,No E-Mail,1,1,141.08
5,1) $0 - $100,29.99,0,1,Urban,0,Web,Womens E-Mail,1,1,242.28
6,1) $0 - $100,30.87,0,1,Urban,1,Web,No E-Mail,1,1,37.65
6,2) $100 - $200,159.83,0,1,Urban,1,Web,Womens E-Mail,1,1,195.7
9,3) $200 - $350,212.05,0,1,Surburban,0,Phone,Mens E-Mail,1,1,29.99
1,5) $500 - $750,648.79,0,1,Surburban,1,Multichannel,Womens E-Mail,1,1,29.99
3,2) $100 - $200,159.22,1,0,Rural,0,Phone,Mens E-Mail,1,1,75.52
6,2) $100 - $200,177.3,1,0,Surburban,0,Phone,Mens E-Mail,1,1,69.05
2,3) $200 - $350,227.67,1,1,Surburban,1,Web,Mens E-Mail,1,1,80.14
1,"7) $1,000 +",1927.91,1,1,Surburban,1,Phone,No E-Mail,1,1,105.54
6,1) $0 - $100,95.93,0,1,Surburban,0,Phone,No E-Mail,1,1,91.08
4,2) $100 - $200,172.92,0,1,Urban,0,Web,Mens E-Mail,1,1,155.75
5,4) $350 - $500,388.14,1,0,Surburban,1,Web,Mens E-Mail,1,1,295.21
4,1) $0 - $100,29.99,1,0,Surburban,0,Phone,No E-Mail,1,1,29.99
11,1) $0 - $100,36.51,0,1,Surburban,1,Web,Mens E-Mail,1,1,29.99
3,"6) $750 - $1,000",806.73,1,0,Urban,1,Phone,Mens E-Mail,1,1,168.51
7,1) $0 - $100,87.77,0,1,Urban,1,Web,Womens E-Mail,1,1,182.67
1,2) $100 - $200,172.31,0,1,Surburban,1,Web,Womens E-Mail,1,1,298.33
1,1) $0 - $100,72.04,0,1,Surburban,0,Web,Womens E-Mail,1,1,163.79
2,3) $200 - $350,272.47,1,0,Surburban,0,Phone,No E-Mail,1,1,202.49
12,3) $200 - $350,223.86,1,1,Surburban,0,Phone,Mens E-Mail,1,1,61.06
1,5) $500 - $750,644.18,1,1,Surburban,1,Web,Mens E-Mail,1,1,243.66
2,3) $200 - $350,253.54,1,0,Surburban,0,Web,Mens E-Mail,1,1,342.64
2,"6) $750 - $1,000",975.25,1,1,Urban,1,Web,Mens E-Mail,1,1,29.99
2,2) $100 - $200,128.35,0,1,Urban,0,Phone,No E-Mail,1,1,78.87
8,3) $200 - $350,327.3,1,0,Surburban,0,Web,No E-Mail,1,1,162.21
2,4) $350 - $500,384.2,0,1,Surburban,0,Web,Womens E-Mail,1,1,37.42
3,2) $100 - $200,106.14,0,1,Rural,0,Phone,Mens E-Mail,1,1,188.95
10,1) $0 - $100,37.6,1,0,Surburban,0,Web,Mens E-Mail,1,1,181.39
2,5) $500 - $750,573.0,1,1,Surburban,1,Phone,Mens E-Mail,1,1,69.1
2,1) $0 - $100,29.99,1,0,Rural,1,Phone,Mens E-Mail,1,1,181.18
7,"6) $750 - $1,000",923.48,1,1,Surburban,1,Multichannel,Womens E-Mail,1,1,33.45
6,3) $200 - $350,210.94,1,0,Rural,1,Web,Womens E-Mail,1,1,114.43
9,1) $0 - $100,29.99,0,1,Rural,1,Phone,Mens E-Mail,1,1,29.99
1,"6) $750 - $1,000",774.14,1,1,Urban,1,Multichannel,Womens E-Mail,1,1,69.25
11,2) $100 - $200,167.39,0,1,Surburban,0,Web,Womens E-Mail,1,1,60.78
1,"7) $1,000 +",1033.92,1,1,Surburban,1,Web,Womens E-Mail,1,1,102.47
3,2) $100 - $200,129.42,0,1,Urban,1,Web,Mens E-Mail,1,1,53.67
9,4) $350 - $500,435.91,0,1,Urban,0,Multichannel,Womens E-Mail,1,1,136.21
3,3) $200 - $350,284.59,1,0,Surburban,0,Multichannel,Womens E-Mail,1,1,94.71
12,3) $200 - $350,209.91,0,1,Urban,0,Phone,Womens E-Mail,1,1,309.54
5,2) $100 - $200,143.26,1,0,Urban,0,Phone,Womens E-Mail,1,1,172.53
3,"6) $750 - $1,000",880.15,1,1,Urban,1,Multichannel,Mens E-Mail,1,1,110.36
2,4) $350 - $500,425.85,1,1,Surburban,0,Multichannel,Mens E-Mail,1,1,29.99
1,3) $200 - $350,245.63,1,1,Urban,0,Phone,Mens E-Mail,1,1,67.33
1,3) $200 - $350,204.46,1,1,Surburban,0,Web,Womens E-Mail,1,1,47.7
1,"7) $1,000 +",1853.66,1,1,Rural,1,Phone,Mens E-Mail,1,1,29.99
9,1) $0 - $100,29.99,0,1,Urban,1,Web,Mens E-Mail,1,1,100.63
3,3) $200 - $350,346.9,1,0,Surburban,0,Web,No E-Mail,1,1,83.31
9,4) $350 - $500,440.72,1,0,Surburban,0,Multichannel,Mens E-Mail,1,1,60.97
7,3) $200 - $350,281.73,1,1,Urban,0,Phone,Mens E-Mail,1,1,228.71
10,2) $100 - $200,169.64,0,1,Surburban,0,Web,Mens E-Mail,1,1,359.97
2,3) $200 - $350,240.17,1,1,Rural,0,Multichannel,Mens E-Mail,1,1,29.99
1,4) $350 - $500,397.96,0,1,Rural,1,Phone,Womens E-Mail,1,1,109.35
5,4) $350 - $500,495.0,0,1,Surburban,0,Web,Womens E-Mail,1,1,134.86
5,2) $100 - $200,184.92,0,1,Urban,1,Phone,Womens E-Mail,1,1,29.99
3,3) $200 - $350,263.29,1,1,Surburban,0,Phone,Womens E-Mail,1,1,29.99
1,1) $0 - $100,72.2,1,0,Surburban,1,Web,Mens E-Mail,1,1,276.67
12,1) $0 - $100,29.99,0,1,Surburban,1,Web,Womens E-Mail,1,1,110.13
2,1) $0 - $100,29.99,1,0,Urban,0,Phone,No E-Mail,1,1,29.99
1,4) $350 - $500,393.37,0,1,Surburban,0,Phone,Mens E-Mail,1,1,29.99
6,1) $0 - $100,93.58,0,1,Rural,0,Web,Mens E-Mail,1,1,219.81
3,4) $350 - $500,368.38,0,1,Surburban,0,Multichannel,No E-Mail,1,1,152.08
1,4) $350 - $500,393.34,1,1,Rural,1,Web,No E-Mail,1,1,29.99
2,3) $200 - $350,270.33,0,1,Urban,0,Web,No E-Mail,1,1,227.54
10,1) $0 - $100,30.82,1,0,Urban,0,Web,Womens E-Mail,1,1,148.86
1,5) $500 - $750,520.24,1,1,Surburban,1,Web,No E-Mail,1,1,153.37
12,4) $350 - $500,382.96,1,1,Urban,0,Multichannel,Mens E-Mail,1,1,43.9
1,"7) $1,000 +",1216.65,1,1,Surburban,1,Web,Womens E-Mail,1,1,47.36
2,4) $350 - $500,467.1,1,1,Surburban,0,Web,Womens E-Mail,1,1,29.99
1,3) $200 - $350,239.33,1,0,Surburban,1,Phone,Mens E-Mail,1,1,29.99
7,4) $350 - $500,351.41,0,1,Surburban,0,Multichannel,Mens E-Mail,1,1,152.35
4,3) $200 - $350,342.91,1,0,Urban,0,Phone,Mens E-Mail,1,1,85.4
2,4) $350 - $500,407.52,0,1,Surburban,1,Phone,Mens E-Mail,1,1,47.87
9,2) $100 - $200,184.63,0,1,Surburban,0,Web,Womens E-Mail,1,1,85.41
1,2) $100 - $200,189.49,1,0,Urban,0,Phone,Mens E-Mail,1,1,29.99
10,3) $200 - $350,203.22,1,0,Rural,0,Phone,Womens E-Mail,1,1,37.27
1,5) $500 - $750,616.7,0,1,Urban,1,Multichannel,No E-Mail,1,1,50.29
7,2) $100 - $200,178.77,0,1,Surburban,0,Phone,No E-Mail,1,1,115.33
1,1) $0 - $100,29.99,1,0,Rural,1,Phone,Mens E-Mail,1,1,127.17
1,2) $100 - $200,185.07,1,0,Surburban,0,Phone,Womens E-Mail,1,1,101.06
2,"6) $750 - $1,000",949.57,0,1,Urban,1,Multichannel,Mens E-Mail,1,1,221.03
9,1) $0 - $100,29.99,0,1,Urban,1,Web,Mens E-Mail,1,1,270.71
1,3) $200 - $350,310.54,0,1,Surburban,0,Phone,No E-Mail,1,1,29.99
9,2) $100 - $200,127.99,1,0,Surburban,0,Phone,Womens E-Mail,1,1,137.87
2,5) $500 - $750,565.12,1,0,Surburban,1,Multichannel,Womens E-Mail,1,1,138.92
6,2) $100 - $200,177.84,0,1,Surburban,0,Web,Womens E-Mail,1,1,89.75
2,2) $100 - $200,116.07,0,1,Urban,0,Web,No E-Mail,1,1,220.96
10,1) $0 - $100,47.17,0,1,Urban,0,Web,Womens E-Mail,1,1,210.65
6,3) $200 - $350,287.97,1,0,Surburban,0,Web,No E-Mail,1,1,444.33
2,5) $500 - $750,601.16,1,1,Urban,1,Web,Mens E-Mail,1,1,89.71
3,3) $200 - $350,346.88,1,1,Urban,0,Phone,Mens E-Mail,1,1,482.31
1,1) $0 - $100,60.83,1,0,Urban,0,Web,Mens E-Mail,1,1,29.99
1,3) $200 - $350,329.58,1,0,Rural,0,Web,No E-Mail,1,1,61.03
6,5) $500 - $750,625.48,1,1,Surburban,1,Web,Mens E-Mail,1,1,499.0
2,4) $350 - $500,499.62,0,1,Rural,1,Phone,Mens E-Mail,1,1,29.99
9,3) $200 - $350,266.74,1,0,Urban,0,Multichannel,Womens E-Mail,1,1,347.49
6,2) $100 - $200,179.01,1,0,Urban,0,Phone,Womens E-Mail,1,1,230.46
2,3) $200 - $350,289.96,1,1,Urban,0,Multichannel,Mens E-Mail,1,1,79.91
4,1) $0 - $100,79.8,0,1,Rural,0,Web,Mens E-Mail,1,1,29.99
10,1) $0 - $100,92.57,0,1,Urban,1,Web,Womens E-Mail,1,1,87.53
3,3) $200 - $350,262.13,1,0,Urban,0,Multichannel,No E-Mail,1,1,29.99
6,2) $100 - $200,198.46,1,0,Surburban,1,Web,Mens E-Mail,1,1,36.71
8,3) $200 - $350,321.26,1,0,Urban,0,Multichannel,Mens E-Mail,1,1,32.21
10,2) $100 - $200,197.87,1,0,Urban,0,Web,Mens E-Mail,1,1,120.91
9,5) $500 - $750,536.8,1,1,Rural,1,Web,No E-Mail,1,1,117.84
2,"6) $750 - $1,000",980.39,1,0,Urban,1,Phone,No E-Mail,1,1,90.57
5,3) $200 - $350,210.12,0,1,Surburban,0,Phone,Womens E-Mail,1,1,113.44
2,3) $200 - $350,215.61,1,0,Rural,0,Web,Mens E-Mail,1,1,99.49
1,3) $200 - $350,239.7,1,1,Urban,1,Web,Womens E-Mail,1,1,154.2
4,1) $0 - $100,29.99,1,0,Rural,1,Web,No E-Mail,0,0,0.0
8,2) $100 - $200,167.66,1,0,Surburban,1,Phone,Mens E-Mail,0,0,0.0
1,5) $500 - $750,563.97,1,1,Surburban,1,Web,Womens E-Mail,0,0,0.0
7,2) $100 - $200,173.43,1,0,Urban,0,Web,Mens E-Mail,1,0,0.0
10,1) $0 - $100,29.99,1,0,Urban,1,Web,Mens E-Mail,0,0,0.0
1,4) $350 - $500,440.15,1,0,Surburban,0,Multichannel,No E-Mail,1,0,0.0
1,3) $200 - $350,324.67,1,1,Surburban,0,Web,Womens E-Mail,0,0,0.0
1,4) $350 - $500,479.03,0,1,Surburban,1,Phone,No E-Mail,0,0,0.0
9,1) $0 - $100,34.15,1,0,Urban,1,Phone,Mens E-Mail,0,0,0.0
9,1) $0 - $100,98.54,0,1,Surburban,0,Web,Mens E-Mail,0,0,0.0
4,3) $200 - $350,294.63,1,1,Surburban,0,Web,Mens E-Mail,1,0,0.0
3,4) $350 - $500,409.38,0,1,Surburban,0,Multichannel,Womens E-Mail,0,0,0.0
8,2) $100 - $200,104.87,0,1,Urban,0,Phone,Womens E-Mail,0,0,0.0
11,3) $200 - $350,303.89,0,1,Surburban,0,Web,Mens E-Mail,0,0,0.0
8,1) $0 - $100,74.46,0,1,Urban,0,Web,Womens E-Mail,1,0,0.0
9,3) $200 - $350,202.89,0,1,Surburban,1,Web,Mens E-Mail,0,0,0.0
10,1) $0 - $100,42.98,1,0,Urban,0,Web,No E-Mail,0,0,0.0
12,1) $0 - $100,78.26,1,0,Surburban,1,Phone,Womens E-Mail,0,0,0.0
2,1) $0 - $100,92.25,1,0,Urban,1,Web,Womens E-Mail,0,0,0.0
7,1) $0 - $100,43.85,0,1,Surburban,0,Phone,No E-Mail,0,0,0.0
9,2) $100 - $200,106.41,0,1,Urban,1,Phone,Womens E-Mail,0,0,0.0
3,2) $100 - $200,156.18,1,0,Urban,0,Web,No E-Mail,0,0,0.0
6,1) $0 - $100,32.52,1,0,Surburban,1,Web,Womens E-Mail,0,0,0.0
4,1) $0 - $100,29.99,1,0,Surburban,1,Web,No E-Mail,0,0,0.0
9,3) $200 - $350,203.96,1,0,Rural,1,Web,No E-Mail,0,0,0.0
6,2) $100 - $200,172.45,0,1,Rural,1,Phone,No E-Mail,0,0,0.0
10,2) $100 - $200,162.79,1,0,Surburban,0,Web,Womens E-Mail,0,0,0.0
10,2) $100 - $200,137.74,0,1,Surburban,1,Web,No E-Mail,0,0,0.0
2,1) $0 - $100,29.99,0,1,Urban,0,Phone,No E-Mail,0,0,0.0
1,2) $100 - $200,193.91,0,1,Urban,1,Phone,No E-Mail,0,0,0.0
1,3) $200 - $350,278.72,1,0,Surburban,0,Web,Mens E-Mail,0,0,0.0
9,1) $0 - $100,56.32,0,1,Urban,1,Phone,No E-Mail,0,0,0.0
5,1) $0 - $100,79.29,1,0,Surburban,1,Web,No E-Mail,0,0,0.0
3,1) $0 - $100,56.06,1,0,Urban,0,Phone,Womens E-Mail,0,0,0.0
3,1) $0 - $100,48.65,1,0,Rural,0,Web,No E-Mail,0,0,0.0
2,3) $200 - $350,295.22,1,0,Surburban,0,Web,No E-Mail,0,0,0.0
8,2) $100 - $200,198.33,1,0,Rural,1,Web,No E-Mail,0,0,0.0
11,4) $350 - $500,477.09,1,0,Rural,0,Multichannel,Womens E-Mail,0,0,0.0
9,1) $0 - $100,39.7,1,0,Urban,0,Web,No E-Mail,0,0,0.0
4,1) $0 - $100,29.99,0,1,Surburban,0,Web,Mens E-Mail,0,0,0.0
1,5) $500 - $750,633.46,1,1,Rural,1,Multichannel,Mens E-Mail,1,0,0.0
2,1) $0 - $100,85.07,1,0,Surburban,0,Phone,No E-Mail,0,0,0.0
12,2) $100 - $200,112.06,1,0,Surburban,0,Phone,No E-Mail,0,0,0.0
7,1) $0 - $100,29.99,1,0,Urban,0,Phone,No E-Mail,0,0,0.0
11,1) $0 - $100,49.06,1,0,Rural,0,Phone,No E-Mail,0,0,0.0
1,5) $500 - $750,666.57,1,1,Urban,1,Multichannel,Mens E-Mail,1,0,0.0
9,2) $100 - $200,115.9,0,1,Surburban,1,Web,Mens E-Mail,0,0,0.0
7,2) $100 - $200,102.5,0,1,Urban,1,Phone,Mens E-Mail,0,0,0.0
8,3) $200 - $350,303.41,1,1,Surburban,0,Multichannel,Mens E-Mail,0,0,0.0
1,1) $0 - $100,54.2,0,1,Urban,1,Web,Womens E-Mail,1,0,0.0
1,2) $100 - $200,179.15,1,0,Urban,0,Phone,Mens E-Mail,0,0,0.0
4,1) $0 - $100,59.4,1,0,Urban,0,Web,Womens E-Mail,0,0,0.0
11,1) $0 - $100,29.99,1,0,Urban,0,Phone,Womens E-Mail,0,0,0.0
2,1) $0 - $100,31.74,0,1,Urban,1,Phone,Womens E-Mail,1,0,0.0
7,3) $200 - $350,299.56,1,0,Surburban,0,Web,Womens E-Mail,0,0,0.0
2,2) $100 - $200,183.77,0,1,Rural,0,Web,Womens E-Mail,1,0,0.0
4,4) $350 - $500,498.28,0,1,Surburban,0,Multichannel,Womens E-Mail,0,0,0.0
1,1) $0 - $100,98.64,1,0,Surburban,0,Web,No E-Mail,0,0,0.0
3,1) $0 - $100,68.72,1,0,Surburban,1,Phone,Mens E-Mail,0,0,0.0
8,1) $0 - $100,29.99,0,1,Rural,0,Web,No E-Mail,1,0,0.0
4,4) $350 - $500,408.29,1,0,Urban,0,Web,Mens E-Mail,0,0,0.0
1,5) $500 - $750,503.94,1,0,Surburban,1,Phone,Womens E-Mail,0,0,0.0
8,5) $500 - $750,694.68,0,1,Surburban,1,Multichannel,No E-Mail,0,0,0.0
6,1) $0 - $100,99.26,1,0,Surburban,0,Phone,Mens E-Mail,0,0,0.0
5,3) $200 - $350,296.12,1,1,Surburban,0,Phone,Mens E-Mail,0,0,0.0
1,3) $200 - $350,237.44,1,0,Rural,1,Phone,Mens E-Mail,0,0,0.0
4,1) $0 - $100,92.12,1,0,Surburban,1,Web,No E-Mail,0,0,0.0
9,1) $0 - $100,29.99,0,1,Surburban,1,Phone,Womens E-Mail,0,0,0.0
4,3) $200 - $350,333.26,0,1,Surburban,1,Phone,Womens E-Mail,0,0,0.0
3,1) $0 - $100,29.99,1,0,Urban,0,Phone,Womens E-Mail,1,0,0.0
10,3) $200 - $350,273.39,0,1,Rural,1,Phone,No E-Mail,0,0,0.0
9,2) $100 - $200,139.72,0,1,Urban,1,Phone,Mens E-Mail,0,0,0.0
6,2) $100 - $200,127.36,0,1,Urban,0,Web,Mens E-Mail,0,0,0.0
6,2) $100 - $200,132.2,0,1,Surburban,1,Web,Womens E-Mail,0,0,0.0
7,1) $0 - $100,29.99,0,1,Rural,1,Web,No E-Mail,0,0,0.0
1,4) $350 - $500,473.07,0,1,Urban,0,Web,Mens E-Mail,0,0,0.0
9,1) $0 - $100,98.35,1,0,Urban,0,Web,Womens E-Mail,0,0,0.0
10,1) $0 - $100,87.66,0,1,Urban,0,Phone,Mens E-Mail,0,0,0.0
1,3) $200 - $350,226.97,1,1,Urban,0,Multichannel,Womens E-Mail,0,0,0.0
9,"7) $1,000 +",1042.17,1,1,Surburban,1,Multichannel,Womens E-Mail,0,0,0.0
2,5) $500 - $750,605.58,1,1,Rural,1,Phone,No E-Mail,0,0,0.0
3,"6) $750 - $1,000",797.62,1,0,Urban,1,Web,Mens E-Mail,0,0,0.0
9,1) $0 - $100,29.99,0,1,Urban,1,Web,Womens E-Mail,1,0,0.0
5,1) $0 - $100,42.05,0,1,Urban,0,Web,Mens E-Mail,0,0,0.0
2,2) $100 - $200,104.2,0,1,Urban,1,Phone,Womens E-Mail,0,0,0.0
7,2) $100 - $200,128.8,1,0,Urban,1,Web,Womens E-Mail,0,0,0.0
10,1) $0 - $100,71.51,1,0,Surburban,0,Web,Mens E-Mail,0,0,0.0
3,"6) $750 - $1,000",922.47,1,1,Urban,1,Multichannel,Womens E-Mail,0,0,0.0
5,1) $0 - $100,29.99,1,0,Urban,1,Phone,No E-Mail,0,0,0.0
8,1) $0 - $100,75.04,1,0,Urban,1,Phone,No E-Mail,0,0,0.0
1,2) $100 - $200,175.95,1,0,Surburban,0,Web,No E-Mail,0,0,0.0
2,5) $500 - $750,540.95,0,1,Surburban,1,Multichannel,Womens E-Mail,0,0,0.0
3,1) $0 - $100,29.99,0,1,Surburban,0,Web,No E-Mail,0,0,0.0
6,1) $0 - $100,29.99,1,0,Urban,1,Phone,No E-Mail,0,0,0.0
4,5) $500 - $750,620.3,0,1,Surburban,1,Multichannel,No E-Mail,0,0,0.0
12,1) $0 - $100,29.99,1,0,Rural,1,Phone,Mens E-Mail,1,0,0.0
3,1) $0 - $100,29.99,1,0,Urban,0,Phone,Womens E-Mail,0,0,0.0
7,2) $100 - $200,153.75,0,1,Rural,0,Phone,Mens E-Mail,0,0,0.0
7,1) $0 - $100,29.99,0,1,Surburban,1,Web,Mens E-Mail,0,0,0.0
9,1) $0 - $100,79.33,1,0,Urban,1,Phone,Womens E-Mail,0,0,0.0
3,2) $100 - $200,152.9,0,1,Surburban,1,Phone,Mens E-Mail,0,0,0.0
9,2) $100 - $200,132.98,1,0,Urban,1,Web,Mens E-Mail,0,0,0.0
11,1) $0 - $100,29.99,0,1,Rural,1,Web,Mens E-Mail,1,0,0.0
2,4) $350 - $500,435.65,0,1,Surburban,0,Web,Womens E-Mail,0,0,0.0
10,3) $200 - $350,202.07,0,1,Rural,1,Phone,Mens E-Mail,0,0,0.0
3,1) $0 - $100,91.81,0,1,Surburban,0,Phone,Mens E-Mail,1,0,0.0
6,1) $0 - $100,76.41,1,0,Surburban,1,Phone,Womens E-Mail,0,0,0.0
5,4) $350 - $500,476.82,1,0,Rural,0,Phone,Mens E-Mail,1,0,0.0
1,"7) $1,000 +",2145.81,1,0,Urban,1,Multichannel,Womens E-Mail,0,0,0.0
9,1) $0 - $100,29.99,1,0,Surburban,1,Phone,No E-Mail,0,0,0.0
3,4) $350 - $500,352.43,1,0,Surburban,1,Multichannel,Womens E-Mail,0,0,0.0
2,"6) $750 - $1,000",836.65,1,1,Surburban,1,Phone,Womens E-Mail,0,0,0.0
1,4) $350 - $500,401.44,1,1,Rural,0,Multichannel,Womens E-Mail,0,0,0.0
6,3) $200 - $350,241.73,0,1,Rural,0,Web,Womens E-Mail,0,0,0.0
5,5) $500 - $750,545.87,0,1,Surburban,1,Web,Mens E-Mail,0,0,0.0
2,"6) $750 - $1,000",788.68,0,1,Urban,1,Phone,No E-Mail,0,0,0.0
1,1) $0 - $100,64.97,1,0,Surburban,0,Web,Womens E-Mail,0,0,0.0
8,1) $0 - $100,41.89,1,0,Urban,1,Phone,Mens E-Mail,0,0,0.0
10,1) $0 - $100,84.01,0,1,Urban,0,Web,No E-Mail,0,0,0.0
1,3) $200 - $350,305.28,0,1,Surburban,1,Phone,Mens E-Mail,0,0,0.0
1,3) $200 - $350,298.56,1,0,Urban,0,Web,No E-Mail,0,0,0.0
1,"7) $1,000 +",1122.7,1,1,Urban,1,Web,Womens E-Mail,0,0,0.0
3,5) $500 - $750,626.62,1,0,Surburban,1,Phone,No E-Mail,0,0,0.0
9,1) $0 - $100,68.78,0,1,Rural,1,Phone,Mens E-Mail,0,0,0.0
9,4) $350 - $500,438.33,0,1,Surburban,0,Phone,No E-Mail,0,0,0.0
7,2) $100 - $200,174.57,1,0,Surburban,0,Phone,Womens E-Mail,0,0,0.0
10,1) $0 - $100,29.99,1,0,Surburban,0,Phone,No E-Mail,0,0,0.0
8,1) $0 - $100,29.99,1,0,Surburban,0,Web,Mens E-Mail,1,0,0.0
9,5) $500 - $750,543.02,1,1,Urban,1,Web,Mens E-Mail,0,0,0.0
1,3) $200 - $350,325.15,1,1,Rural,1,Multichannel,Womens E-Mail,1,0,0.0
3,3) $200 - $350,308.26,0,1,Surburban,0,Multichannel,No E-Mail,0,0,0.0
5,5) $500 - $750,689.27,1,0,Urban,1,Phone,Mens E-Mail,1,0,0.0
12,1) $0 - $100,35.36,0,1,Surburban,1,Web,Mens E-Mail,0,0,0.0
6,2) $100 - $200,133.43,1,0,Surburban,1,Web,Mens E-Mail,0,0,0.0
7,3) $200 - $350,241.27,1,1,Surburban,1,Phone,Mens E-Mail,0,0,0.0
1,1) $0 - $100,34.82,0,1,Urban,0,Phone,Womens E-Mail,0,0,0.0
12,1) $0 - $100,29.99,0,1,Rural,0,Web,Mens E-Mail,0,0,0.0
7,"6) $750 - $1,000",825.24,0,1,Urban,1,Phone,Mens E-Mail,0,0,0.0
1,3) $200 - $350,221.2,1,1,Urban,0,Phone,No E-Mail,0,0,0.0
7,2) $100 - $200,114.5,0,1,Urban,1,Web,No E-Mail,0,0,0.0
7,1) $0 - $100,53.95,0,1,Urban,0,Phone,Mens E-Mail,0,0,0.0
10,3) $200 - $350,208.78,1,0,Surburban,0,Phone,Womens E-Mail,0,0,0.0
9,1) $0 - $100,46.84,1,0,Surburban,1,Phone,Womens E-Mail,0,0,0.0
7,1) $0 - $100,29.99,0,1,Surburban,0,Web,Womens E-Mail,0,0,0.0
4,5) $500 - $750,517.92,0,1,Urban,1,Web,No E-Mail,0,0,0.0
1,4) $350 - $500,398.95,1,0,Urban,1,Web,No E-Mail,0,0,0.0
3,5) $500 - $750,728.88,1,0,Urban,1,Phone,No E-Mail,0,0,0.0
12,2) $100 - $200,150.06,0,1,Surburban,0,Phone,No E-Mail,0,0,0.0
10,1) $0 - $100,93.65,1,0,Urban,0,Phone,No E-Mail,0,0,0.0
3,2) $100 - $200,134.31,1,0,Urban,0,Phone,Mens E-Mail,0,0,0.0
4,1) $0 - $100,52.21,1,0,Surburban,0,Phone,Womens E-Mail,0,0,0.0
8,5) $500 - $750,723.86,0,1,Surburban,1,Web,Womens E-Mail,0,0,0.0
7,2) $100 - $200,104.98,0,1,Surburban,1,Web,Mens E-Mail,0,0,0.0
2,5) $500 - $750,551.58,1,0,Urban,1,Web,No E-Mail,0,0,0.0
4,1) $0 - $100,49.61,1,0,Surburban,0,Web,Mens E-Mail,0,0,0.0
8,1) $0 - $100,57.76,1,0,Surburban,0,Web,No E-Mail,0,0,0.0
1,4) $350 - $500,438.57,1,0,Urban,0,Phone,Womens E-Mail,0,0,0.0
4,4) $350 - $500,457.0,0,1,Surburban,0,Phone,Womens E-Mail,0,0,0.0
1,1) $0 - $100,82.06,1,0,Surburban,1,Web,No E-Mail,0,0,0.0
1,3) $200 - $350,341.5,1,0,Urban,0,Phone,No E-Mail,0,0,0.0
1,1) $0 - $100,95.58,0,1,Urban,0,Web,Mens E-Mail,0,0,0.0
9,3) $200 - $350,236.01,0,1,Surburban,0,Multichannel,Mens E-Mail,0,0,0.0
8,1) $0 - $100,89.33,1,0,Surburban,0,Phone,Mens E-Mail,0,0,0.0
9,2) $100 - $200,179.72,1,0,Urban,0,Web,Mens E-Mail,1,0,0.0
3,3) $200 - $350,324.8,1,0,Urban,1,Phone,No E-Mail,1,0,0.0
6,2) $100 - $200,100.31,1,0,Surburban,0,Phone,Womens E-Mail,0,0,0.0
9,2) $100 - $200,108.74,0,1,Surburban,1,Phone,Womens E-Mail,0,0,0.0
2,2) $100 - $200,119.89,1,0,Urban,1,Web,No E-Mail,0,0,0.0
3,2) $100 - $200,190.76,1,0,Surburban,1,Phone,Mens E-Mail,0,0,0.0
6,1) $0 - $100,38.52,1,0,Urban,0,Web,Womens E-Mail,0,0,0.0
10,1) $0 - $100,29.99,1,0,Urban,0,Web,Womens E-Mail,0,0,0.0
2,1) $0 - $100,29.99,1,0,Surburban,1,Web,Mens E-Mail,0,0,0.0
11,"6) $750 - $1,000",751.1,1,1,Surburban,1,Web,No E-Mail,0,0,0.0
5,5) $500 - $750,599.29,1,0,Rural,1,Phone,Womens E-Mail,1,0,0.0
5,"7) $1,000 +",1532.18,0,1,Urban,1,Multichannel,Womens E-Mail,0,0,0.0
9,2) $100 - $200,147.48,1,0,Rural,1,Phone,Womens E-Mail,0,0,0.0
11,1) $0 - $100,97.14,0,1,Urban,0,Phone,Mens E-Mail,0,0,0.0
12,5) $500 - $750,522.73,0,1,Rural,1,Web,No E-Mail,0,0,0.0
1,5) $500 - $750,577.17,1,0,Urban,1,Multichannel,No E-Mail,0,0,0.0
7,1) $0 - $100,45.09,1,0,Surburban,0,Phone,Mens E-Mail,0,0,0.0
8,2) $100 - $200,127.57,1,0,Urban,1,Phone,Womens E-Mail,0,0,0.0
6,2) $100 - $200,119.54,1,0,Rural,0,Web,Womens E-Mail,0,0,0.0
2,2) $100 - $200,116.22,1,0,Surburban,1,Phone,Mens E-Mail,0,0,0.0
12,5) $500 - $750,529.04,1,0,Surburban,1,Phone,Mens E-Mail,0,0,0.0
1,2) $100 - $200,171.96,1,0,Rural,0,Web,Womens E-Mail,0,0,0.0
7,2) $100 - $200,104.31,1,0,Surburban,1,Phone,No E-Mail,0,0,0.0
7,5) $500 - $750,538.07,1,0,Surburban,1,Web,No E-Mail,0,0,0.0
3,"6) $750 - $1,000",801.35,1,1,Urban,1,Phone,Mens E-Mail,0,0,0.0
1,5) $500 - $750,648.38,1,1,Rural,1,Multichannel,Womens E-Mail,1,0,0.0
2,3) $200 - $350,241.79,1,0,Surburban,1,Web,Mens E-Mail,0,0,0.0
2,2) $100 - $200,182.79,0,1,Rural,1,Web,Womens E-Mail,0,0,0.0
5,1) $0 - $100,76.77,0,1,Urban,1,Phone,Womens E-Mail,0,0,0.0
9,4) $350 - $500,413.99,0,1,Surburban,0,Multichannel,No E-Mail,0,0,0.0
9,2) $100 - $200,155.18,0,1,Surburban,1,Web,Mens E-Mail,0,0,0.0
9,3) $200 - $350,227.04,1,1,Surburban,1,Multichannel,No E-Mail,0,0,0.0
11,1) $0 - $100,29.99,1,0,Surburban,0,Web,No E-Mail,0,0,0.0
10,1) $0 - $100,29.99,1,0,Urban,1,Web,Mens E-Mail,0,0,0.0
4,2) $100 - $200,120.38,1,0,Urban,0,Phone,No E-Mail,0,0,0.0
3,2) $100 - $200,123.59,1,0,Surburban,0,Web,No E-Mail,0,0,0.0
3,2) $100 - $200,107.41,1,0,Surburban,1,Web,No E-Mail,0,0,0.0
6,2) $100 - $200,170.45,0,1,Urban,0,Phone,No E-Mail,0,0,0.0
2,5) $500 - $750,625.92,0,1,Urban,1,Phone,Mens E-Mail,0,0,0.0
8,2) $100 - $200,130.92,0,1,Surburban,0,Phone,Mens E-Mail,0,0,0.0
2,1) $0 - $100,30.62,1,0,Surburban,1,Web,Womens E-Mail,1,0,0.0
4,3) $200 - $350,220.02,0,1,Surburban,0,Web,Womens E-Mail,0,0,0.0
10,1) $0 - $100,63.87,0,1,Rural,0,Phone,Womens E-Mail,0,0,0.0
7,5) $500 - $750,620.05,1,1,Urban,1,Web,No E-Mail,0,0,0.0
5,1) $0 - $100,29.99,0,1,Surburban,1,Phone,Womens E-Mail,0,0,0.0
9,2) $100 - $200,100.32,0,1,Surburban,0,Web,No E-Mail,0,0,0.0
9,3) $200 - $350,302.78,0,1,Urban,0,Phone,No E-Mail,0,0,0.0
6,2) $100 - $200,131.48,0,1,Urban,1,Phone,Womens E-Mail,0,0,0.0
6,1) $0 - $100,29.99,1,0,Surburban,1,Web,No E-Mail,0,0,0.0
9,3) $200 - $350,332.33,0,1,Urban,1,Multichannel,Womens E-Mail,0,0,0.0
1,2) $100 - $200,177.75,1,0,Urban,0,Phone,Womens E-Mail,0,0,0.0
2,3) $200 - $350,216.72,0,1,Urban,1,Multichannel,No E-Mail,0,0,0.0
4,1) $0 - $100,56.26,0,1,Urban,0,Phone,No E-Mail,0,0,0.0
7,1) $0 - $100,45.57,0,1,Urban,0,Web,No E-Mail,0,0,0.0
4,2) $100 - $200,184.67,0,1,Urban,0,Web,Womens E-Mail,0,0,0.0
1,"6) $750 - $1,000",774.26,1,1,Surburban,1,Multichannel,Mens E-Mail,0,0,0.0
2,4) $350 - $500,417.04,0,1,Surburban,1,Web,Womens E-Mail,0,0,0.0
8,2) $100 - $200,177.62,0,1,Surburban,0,Phone,Mens E-Mail,0,0,0.0
9,3) $200 - $350,224.27,0,1,Urban,0,Web,Mens E-Mail,0,0,0.0
2,1) $0 - $100,29.99,1,0,Urban,0,Phone,Mens E-Mail,0,0,0.0
10,2) $100 - $200,114.82,0,1,Surburban,0,Web,Mens E-Mail,0,0,0.0
1,"6) $750 - $1,000",928.37,1,0,Urban,1,Multichannel,No E-Mail,0,0,0.0
10,1) $0 - $100,92.45,0,1,Rural,1,Phone,Mens E-Mail,1,0,0.0
7,2) $100 - $200,140.97,0,1,Urban,0,Phone,No E-Mail,0,0,0.0
1,3) $200 - $350,291.44,1,0,Surburban,0,Phone,No E-Mail,0,0,0.0
3,4) $350 - $500,375.47,1,1,Urban,0,Web,Mens E-Mail,1,0,0.0
4,1) $0 - $100,65.48,1,0,Urban,1,Phone,Womens E-Mail,0,0,0.0
1,1) $0 - $100,66.42,0,1,Urban,0,Web,Womens E-Mail,1,0,0.0
4,3) $200 - $350,249.61,0,1,Urban,1,Phone,Womens E-Mail,0,0,0.0
9,4) $350 - $500,375.98,1,0,Urban,1,Phone,Womens E-Mail,0,0,0.0
1,1) $0 - $100,68.83,1,0,Urban,1,Web,Womens E-Mail,0,0,0.0
11,3) $200 - $350,291.21,0,1,Surburban,0,Multichannel,Womens E-Mail,1,0,0.0
2,3) $200 - $350,284.99,1,0,Urban,0,Web,Mens E-Mail,0,0,0.0
9,1) $0 - $100,53.51,0,1,Urban,1,Web,Mens E-Mail,0,0,0.0
2,1) $0 - $100,88.97,0,1,Surburban,1,Phone,Mens E-Mail,0,0,0.0
10,1) $0 - $100,38.71,1,0,Surburban,1,Web,Womens E-Mail,0,0,0.0
3,1) $0 - $100,29.99,0,1,Surburban,0,Phone,Mens E-Mail,0,0,0.0
10,1) $0 - $100,29.99,0,1,Surburban,1,Phone,Mens E-Mail,1,0,0.0
11,1) $0 - $100,52.66,1,0,Urban,0,Web,Mens E-Mail,0,0,0.0
3,"6) $750 - $1,000",836.06,1,0,Urban,1,Web,No E-Mail,1,0,0.0
9,3) $200 - $350,212.81,0,1,Surburban,0,Phone,Womens E-Mail,0,0,0.0
1,4) $350 - $500,382.87,1,1,Urban,0,Multichannel,No E-Mail,0,0,0.0
5,"6) $750 - $1,000",811.23,1,0,Urban,1,Web,Womens E-Mail,0,0,0.0
2,3) $200 - $350,273.63,1,0,Urban,1,Web,Mens E-Mail,0,0,0.0
12,2) $100 - $200,165.53,1,0,Rural,1,Phone,No E-Mail,0,0,0.0
7,1) $0 - $100,60.68,0,1,Urban,0,Phone,Womens E-Mail,0,0,0.0
10,1) $0 - $100,29.99,1,0,Surburban,0,Web,Mens E-Mail,0,0,0.0
5,3) $200 - $350,215.24,1,1,Surburban,1,Multichannel,Mens E-Mail,0,0,0.0
4,1) $0 - $100,61.21,0,1,Surburban,1,Phone,Womens E-Mail,0,0,0.0
8,1) $0 - $100,69.92,0,1,Urban,1,Phone,No E-Mail,0,0,0.0
1,2) $100 - $200,144.78,0,1,Urban,0,Phone,Womens E-Mail,0,0,0.0
6,1) $0 - $100,53.8,0,1,Surburban,0,Web,No E-Mail,0,0,0.0
1,2) $100 - $200,186.21,1,0,Urban,0,Web,No E-Mail,0,0,0.0
7,3) $200 - $350,319.36,0,1,Surburban,0,Web,No E-Mail,0,0,0.0
9,1) $0 - $100,29.99,0,1,Surburban,1,Web,No E-Mail,0,0,0.0
7,1) $0 - $100,29.99,0,1,Rural,0,Phone,Womens E-Mail,0,0,0.0
9,2) $100 - $200,111.46,0,1,Surburban,1,Phone,Womens E-Mail,0,0,0.0
5,1) $0 - $100,47.98,0,1,Urban,0,Web,Womens E-Mail,0,0,0.0
5,3) $200 - $350,311.54,1,0,Urban,0,Web,Mens E-Mail,1,0,0.0
10,"6) $750 - $1,000",822.57,1,1,Surburban,1,Web,Womens E-Mail,0,0,0.0
3,1) $0 - $100,29.99,0,1,Urban,0,Phone,Mens E-Mail,0,0,0.0
1,2) $100 - $200,183.64,0,1,Surburban,1,Web,No E-Mail,0,0,0.0
1,5) $500 - $750,563.7,1,0,Surburban,1,Multichannel,Mens E-Mail,0,0,0.0
10,2) $100 - $200,103.24,1,0,Urban,0,Web,Mens E-Mail,0,0,0.0
1,5) $500 - $750,507.89,1,0,Urban,1,Web,Womens E-Mail,0,0,0.0
1,1) $0 - $100,29.99,1,0,Surburban,0,Phone,Womens E-Mail,0,0,0.0
9,3) $200 - $350,311.52,0,1,Urban,0,Phone,No E-Mail,0,0,0.0
1,3) $200 - $350,305.9,0,1,Surburban,0,Phone,No E-Mail,0,0,0.0
9,2) $100 - $200,108.81,0,1,Rural,0,Web,No E-Mail,1,0,0.0
4,1) $0 - $100,29.99,0,1,Surburban,1,Web,Womens E-Mail,0,0,0.0
9,1) $0 - $100,42.78,0,1,Urban,0,Phone,No E-Mail,0,0,0.0
3,1) $0 - $100,29.99,0,1,Surburban,1,Phone,Mens E-Mail,0,0,0.0
2,3) $200 - $350,244.51,0,1,Rural,0,Phone,Mens E-Mail,0,0,0.0
3,1) $0 - $100,29.99,0,1,Surburban,0,Phone,Womens E-Mail,1,0,0.0
5,5) $500 - $750,517.83,1,0,Urban,1,Web,Womens E-Mail,0,0,0.0
10,1) $0 - $100,81.82,1,0,Rural,1,Web,Mens E-Mail,0,0,0.0
1,2) $100 - $200,150.18,0,1,Rural,0,Web,Mens E-Mail,0,0,0.0
7,1) $0 - $100,65.09,1,0,Urban,0,Phone,No E-Mail,0,0,0.0
4,2) $100 - $200,147.84,1,0,Urban,1,Phone,No E-Mail,0,0,0.0
9,2) $100 - $200,111.02,0,1,Urban,0,Phone,Mens E-Mail,0,0,0.0
2,3) $200 - $350,292.92,0,1,Rural,1,Phone,Womens E-Mail,0,0,0.0
1,2) $100 - $200,107.9,0,1,Surburban,1,Phone,Mens E-Mail,0,0,0.0
10,4) $350 - $500,388.61,1,0,Urban,0,Web,Womens E-Mail,1,0,0.0
2,"7) $1,000 +",1074.01,1,1,Surburban,1,Phone,Mens E-Mail,0,0,0.0
10,1) $0 - $100,29.99,1,0,Surburban,1,Web,Mens E-Mail,0,0,0.0
2,1) $0 - $100,29.99,0,1,Urban,0,Phone,No E-Mail,0,0,0.0
2,5) $500 - $750,607.79,0,1,Urban,1,Phone,Womens E-Mail,0,0,0.0
10,2) $100 - $200,175.5,1,0,Surburban,1,Phone,No E-Mail,0,0,0.0
9,2) $100 - $200,129.93,0,1,Urban,0,Phone,Womens E-Mail,0,0,0.0
6,1) $0 - $100,73.59,1,0,Rural,0,Phone,Mens E-Mail,0,0,0.0
7,4) $350 - $500,422.44,1,0,Surburban,0,Web,Mens E-Mail,0,0,0.0
1,"6) $750 - $1,000",832.28,1,1,Urban,1,Multichannel,No E-Mail,0,0,0.0
4,2) $100 - $200,130.82,0,1,Urban,0,Phone,No E-Mail,1,0,0.0
9,1) $0 - $100,29.99,1,0,Urban,0,Phone,No E-Mail,0,0,0.0
11,2) $100 - $200,103.78,0,1,Surburban,0,Web,Womens E-Mail,1,0,0.0
1,1) $0 - $100,48.74,1,0,Rural,1,Phone,Mens E-Mail,0,0,0.0
4,2) $100 - $200,133.06,1,0,Urban,0,Phone,No E-Mail,0,0,0.0
6,3) $200 - $350,286.23,1,0,Surburban,1,Web,No E-Mail,0,0,0.0
2,"7) $1,000 +",1156.08,1,0,Urban,1,Multichannel,Mens E-Mail,0,0,0.0
10,1) $0 - $100,29.99,0,1,Urban,0,Phone,No E-Mail,0,0,0.0
1,4) $350 - $500,354.73,1,1,Rural,0,Web,Womens E-Mail,1,0,0.0
10,1) $0 - $100,80.64,1,0,Surburban,1,Phone,Mens E-Mail,0,0,0.0
5,1) $0 - $100,29.99,1,0,Urban,1,Web,Mens E-Mail,0,0,0.0
1,2) $100 - $200,141.58,0,1,Surburban,1,Web,No E-Mail,0,0,0.0
2,1) $0 - $100,39.47,1,0,Surburban,0,Phone,Mens E-Mail,0,0,0.0
2,"7) $1,000 +",1012.62,1,1,Surburban,1,Multichannel,Mens E-Mail,1,0,0.0
1,"6) $750 - $1,000",852.39,1,0,Surburban,1,Multichannel,Mens E-Mail,0,0,0.0
4,1) $0 - $100,29.99,0,1,Surburban,1,Phone,No E-Mail,0,0,0.0
1,1) $0 - $100,29.99,0,1,Surburban,0,Phone,Womens E-Mail,0,0,0.0
10,1) $0 - $100,87.18,1,0,Rural,1,Phone,Mens E-Mail,0,0,0.0
7,1) $0 - $100,77.52,1,0,Surburban,1,Web,Womens E-Mail,0,0,0.0
10,2) $100 - $200,178.86,1,0,Rural,1,Web,Womens E-Mail,0,0,0.0
4,1) $0 - $100,29.99,0,1,Surburban,1,Phone,No E-Mail,0,0,0.0
4,3) $200 - $350,221.95,1,0,Urban,1,Phone,Womens E-Mail,0,0,0.0
3,1) $0 - $100,29.99,0,1,Urban,0,Web,No E-Mail,0,0,0.0
2,1) $0 - $100,29.99,1,0,Surburban,1,Web,Womens E-Mail,0,0,0.0
2,"7) $1,000 +",1093.03,1,1,Surburban,1,Phone,No E-Mail,0,0,0.0
1,"7) $1,000 +",1283.93,1,1,Urban,1,Web,No E-Mail,0,0,0.0
11,2) $100 - $200,154.37,0,1,Urban,1,Phone,Mens E-Mail,0,0,0.0
9,4) $350 - $500,351.86,1,0,Surburban,0,Multichannel,Mens E-Mail,0,0,0.0
1,1) $0 - $100,50.81,1,0,Urban,0,Web,Mens E-Mail,0,0,0.0
3,2) $100 - $200,168.51,1,0,Rural,1,Phone,Mens E-Mail,0,0,0.0
4,5) $500 - $750,595.38,0,1,Urban,1,Multichannel,Womens E-Mail,0,0,0.0
2,3) $200 - $350,290.02,1,1,Surburban,1,Phone,Womens E-Mail,0,0,0.0
9,1) $0 - $100,29.99,0,1,Urban,1,Web,Mens E-Mail,0,0,0.0
10,3) $200 - $350,203.24,1,1,Rural,0,Phone,Mens E-Mail,0,0,0.0
10,3) $200 - $350,280.95,1,0,Urban,0,Phone,Mens E-Mail,0,0,0.0
1,2) $100 - $200,119.35,0,1,Surburban,1,Phone,No E-Mail,0,0,0.0
10,1) $0 - $100,97.26,0,1,Surburban,0,Phone,Womens E-Mail,0,0,0.0
2,1) $0 - $100,29.99,0,1,Surburban,1,Phone,No E-Mail,0,0,0.0
9,1) $0 - $100,29.99,0,1,Surburban,1,Web,Womens E-Mail,1,0,0.0
2,"6) $750 - $1,000",766.77,0,1,Urban,1,Phone,Womens E-Mail,0,0,0.0
3,1) $0 - $100,98.88,0,1,Surburban,1,Web,Mens E-Mail,0,0,0.0
10,2) $100 - $200,187.81,1,0,Surburban,0,Phone,Mens E-Mail,0,0,0.0
2,2) $100 - $200,180.03,0,1,Urban,1,Web,Womens E-Mail,0,0,0.0
1,2) $100 - $200,139.32,1,0,Urban,0,Web,Womens E-Mail,1,0,0.0
9,1) $0 - $100,29.99,1,0,Surburban,1,Phone,Mens E-Mail,0,0,0.0
1,5) $500 - $750,539.35,1,1,Urban,1,Phone,Womens E-Mail,0,0,0.0
4,"6) $750 - $1,000",776.0,1,0,Rural,1,Phone,No E-Mail,1,0,0.0
2,1) $0 - $100,42.73,0,1,Urban,0,Web,Womens E-Mail,0,0,0.0
6,3) $200 - $350,223.9,1,0,Urban,1,Multichannel,Womens E-Mail,0,0,0.0
7,1) $0 - $100,56.12,0,1,Urban,0,Phone,Mens E-Mail,0,0,0.0
6,4) $350 - $500,392.43,0,1,Urban,0,Web,Mens E-Mail,0,0,0.0
7,1) $0 - $100,77.16,1,0,Urban,1,Phone,No E-Mail,0,0,0.0
1,3) $200 - $350,219.3,0,1,Surburban,0,Phone,Womens E-Mail,0,0,0.0
2,4) $350 - $500,412.55,1,0,Surburban,0,Phone,Womens E-Mail,1,0,0.0
4,1) $0 - $100,92.92,1,0,Surburban,1,Phone,Womens E-Mail,0,0,0.0
8,3) $200 - $350,212.75,1,0,Surburban,1,Phone,Mens E-Mail,0,0,0.0
2,5) $500 - $750,540.55,1,0,Urban,1,Multichannel,Mens E-Mail,0,0,0.0
3,1) $0 - $100,45.91,1,0,Surburban,0,Phone,Mens E-Mail,0,0,0.0
7,2) $100 - $200,111.0,0,1,Surburban,0,Web,Womens E-Mail,1,0,0.0
5,4) $350 - $500,419.67,1,0,Urban,1,Multichannel,No E-Mail,1,0,0.0
1,1) $0 - $100,73.49,1,0,Surburban,1,Phone,Womens E-Mail,0,0,0.0
9,1) $0 - $100,29.99,1,0,Urban,1,Phone,Mens E-Mail,0,0,0.0
6,3) $200 - $350,232.65,0,1,Surburban,1,Web,No E-Mail,0,0,0.0
6,1) $0 - $100,29.99,1,0,Surburban,1,Web,Womens E-Mail,0,0,0.0
9,3) $200 - $350,203.68,0,1,Surburban,0,Web,Mens E-Mail,0,0,0.0
4,4) $350 - $500,471.47,1,1,Surburban,0,Phone,Mens E-Mail,0,0,0.0
3,1) $0 - $100,29.99,1,0,Rural,0,Web,Mens E-Mail,0,0,0.0
1,4) $350 - $500,372.58,1,0,Surburban,1,Web,Womens E-Mail,0,0,0.0
3,2) $100 - $200,179.92,1,0,Urban,0,Phone,Mens E-Mail,1,0,0.0
3,2) $100 - $200,199.38,1,0,Surburban,0,Web,No E-Mail,0,0,0.0
3,1) $0 - $100,29.99,1,0,Rural,1,Phone,Womens E-Mail,0,0,0.0
1,4) $350 - $500,393.14,0,1,Surburban,1,Phone,Womens E-Mail,0,0,0.0
3,"6) $750 - $1,000",876.66,1,1,Surburban,1,Phone,No E-Mail,0,0,0.0
10,3) $200 - $350,330.42,0,1,Surburban,0,Phone,Mens E-Mail,1,0,0.0
12,1) $0 - $100,29.99,0,1,Surburban,0,Web,No E-Mail,0,0,0.0
5,2) $100 - $200,168.1,1,0,Surburban,0,Web,No E-Mail,0,0,0.0
11,2) $100 - $200,194.38,0,1,Urban,0,Web,No E-Mail,0,0,0.0
2,1) $0 - $100,65.24,0,1,Urban,1,Web,Womens E-Mail,0,0,0.0
8,5) $500 - $750,562.1,1,0,Urban,1,Multichannel,No E-Mail,0,0,0.0
12,1) $0 - $100,72.22,1,0,Urban,0,Phone,No E-Mail,0,0,0.0
9,3) $200 - $350,220.93,0,1,Urban,0,Web,Womens E-Mail,0,0,0.0
8,1) $0 - $100,34.1,1,0,Surburban,1,Phone,Womens E-Mail,0,0,0.0
1,2) $100 - $200,188.55,1,0,Urban,1,Web,Mens E-Mail,0,0,0.0
4,2) $100 - $200,187.59,1,0,Surburban,1,Web,Mens E-Mail,0,0,0.0
1,1) $0 - $100,54.24,0,1,Urban,0,Web,Mens E-Mail,0,0,0.0
4,3) $200 - $350,274.61,1,1,Surburban,1,Web,No E-Mail,0,0,0.0
11,2) $100 - $200,103.94,1,0,Surburban,0,Phone,Womens E-Mail,0,0,0.0
8,1) $0 - $100,44.94,1,0,Surburban,1,Web,Mens E-Mail,0,0,0.0
9,2) $100 - $200,193.98,1,0,Urban,1,Phone,Mens E-Mail,0,0,0.0
4,3) $200 - $350,226.59,0,1,Urban,0,Multichannel,No E-Mail,0,0,0.0
6,1) $0 - $100,31.37,0,1,Urban,1,Web,No E-Mail,0,0,0.0
1,3) $200 - $350,243.63,1,0,Rural,0,Multichannel,No E-Mail,0,0,0.0
11,1) $0 - $100,29.99,1,0,Urban,0,Web,No E-Mail,0,0,0.0
2,2) $100 - $200,113.71,0,1,Surburban,0,Web,No E-Mail,1,0,0.0
9,2) $100 - $200,196.18,1,0,Surburban,1,Web,No E-Mail,0,0,0.0
1,3) $200 - $350,337.33,1,0,Surburban,0,Multichannel,Womens E-Mail,0,0,0.0
8,4) $350 - $500,386.27,0,1,Surburban,0,Phone,Mens E-Mail,1,0,0.0
9,1) $0 - $100,29.99,1,0,Surburban,1,Phone,No E-Mail,0,0,0.0
4,3) $200 - $350,317.9,1,1,Rural,0,Web,Mens E-Mail,0,0,0.0
1,1) $0 - $100,29.99,0,1,Surburban,0,Phone,Womens E-Mail,1,0,0.0
9,1) $0 - $100,98.72,1,0,Surburban,0,Phone,Womens E-Mail,0,0,0.0
1,"6) $750 - $1,000",751.25,1,0,Urban,1,Phone,Mens E-Mail,0,0,0.0
9,2) $100 - $200,184.21,0,1,Surburban,0,Web,Mens E-Mail,1,0,0.0
4,1) $0 - $100,29.99,0,1,Surburban,1,Phone,No E-Mail,0,0,0.0
10,1) $0 - $100,38.96,1,0,Urban,0,Phone,No E-Mail,0,0,0.0
8,2) $100 - $200,144.8,1,0,Rural,0,Web,Mens E-Mail,0,0,0.0
9,1) $0 - $100,53.45,1,0,Urban,0,Phone,Mens E-Mail,0,0,0.0
10,1) $0 - $100,38.07,1,0,Urban,1,Web,No E-Mail,0,0,0.0
7,1) $0 - $100,54.15,0,1,Rural,1,Web,Womens E-Mail,0,0,0.0
3,2) $100 - $200,151.78,1,0,Urban,1,Web,Womens E-Mail,0,0,0.0
4,5) $500 - $750,679.93,0,1,Urban,1,Phone,Mens E-Mail,1,0,0.0
7,2) $100 - $200,134.99,1,0,Urban,1,Phone,No E-Mail,0,0,0.0
7,3) $200 - $350,268.74,0,1,Surburban,1,Web,Mens E-Mail,0,0,0.0
2,5) $500 - $750,542.07,1,0,Surburban,1,Web,Mens E-Mail,0,0,0.0
4,"6) $750 - $1,000",782.39,1,0,Urban,1,Multichannel,Womens E-Mail,0,0,0.0
1,3) $200 - $350,218.04,1,1,Surburban,1,Phone,No E-Mail,0,0,0.0
5,3) $200 - $350,317.88,1,0,Surburban,0,Web,Womens E-Mail,0,0,0.0
5,3) $200 - $350,323.52,1,1,Rural,0,Web,No E-Mail,1,0,0.0
10,1) $0 - $100,68.44,1,0,Urban,0,Phone,No E-Mail,0,0,0.0
10,3) $200 - $350,309.03,0,1,Urban,0,Phone,Womens E-Mail,1,0,0.0
10,1) $0 - $100,31.65,1,0,Rural,1,Phone,Mens E-Mail,0,0,0.0
1,5) $500 - $750,566.36,1,0,Surburban,1,Multichannel,Womens E-Mail,0,0,0.0
2,5) $500 - $750,627.94,0,1,Surburban,1,Web,Mens E-Mail,0,0,0.0
1,2) $100 - $200,148.1,0,1,Surburban,0,Phone,Womens E-Mail,0,0,0.0
5,4) $350 - $500,438.33,0,1,Rural,1,Phone,Mens E-Mail,0,0,0.0
5,1) $0 - $100,51.77,1,0,Surburban,1,Web,Womens E-Mail,0,0,0.0
1,1) $0 - $100,36.73,0,1,Surburban,1,Phone,No E-Mail,0,0,0.0
6,2) $100 - $200,162.1,0,1,Urban,0,Web,No E-Mail,0,0,0.0
8,1) $0 - $100,29.99,1,0,Surburban,1,Phone,No E-Mail,0,0,0.0
1,2) $100 - $200,196.89,1,0,Urban,1,Web,Womens E-Mail,0,0,0.0
2,1) $0 - $100,29.99,0,1,Surburban,1,Phone,No E-Mail,0,0,0.0
3,1) $0 - $100,70.97,0,1,Rural,1,Web,Mens E-Mail,0,0,0.0
9,1) $0 - $100,32.93,0,1,Rural,1,Phone,Mens E-Mail,0,0,0.0
10,5) $500 - $750,563.12,1,0,Surburban,1,Multichannel,Womens E-Mail,1,0,0.0
11,1) $0 - $100,63.07,1,0,Surburban,0,Web,Womens E-Mail,1,0,0.0
7,4) $350 - $500,436.93,0,1,Rural,1,Multichannel,Womens E-Mail,0,0,0.0
2,5) $500 - $750,584.09,1,1,Surburban,1,Web,No E-Mail,0,0,0.0
7,3) $200 - $350,330.31,1,1,Urban,0,Phone,Womens E-Mail,0,0,0.0
2,1) $0 - $100,58.44,1,0,Surburban,1,Phone,No E-Mail,0,0,0.0
9,4) $350 - $500,385.55,1,0,Urban,0,Web,No E-Mail,0,0,0.0
10,1) $0 - $100,60.1,0,1,Urban,1,Phone,Mens E-Mail,0,0,0.0
3,5) $500 - $750,538.99,1,0,Urban,1,Web,Mens E-Mail,0,0,0.0
3,2) $100 - $200,108.49,0,1,Rural,1,Web,Mens E-Mail,0,0,0.0
3,3) $200 - $350,266.98,0,1,Rural,1,Multichannel,Mens E-Mail,0,0,0.0
6,3) $200 - $350,271.47,0,1,Urban,0,Multichannel,Mens E-Mail,1,0,0.0
3,5) $500 - $750,611.37,0,1,Surburban,1,Phone,Womens E-Mail,0,0,0.0
8,3) $200 - $350,280.1,1,1,Urban,0,Web,Womens E-Mail,1,0,0.0
10,2) $100 - $200,154.7,0,1,Surburban,0,Web,Womens E-Mail,0,0,0.0
11,4) $350 - $500,402.08,1,0,Urban,0,Phone,No E-Mail,0,0,0.0
2,2) $100 - $200,199.7,1,0,Surburban,1,Phone,No E-Mail,0,0,0.0
9,2) $100 - $200,160.15,1,0,Urban,0,Web,No E-Mail,0,0,0.0
8,4) $350 - $500,362.31,0,1,Urban,1,Web,No E-Mail,0,0,0.0
9,2) $100 - $200,127.34,1,0,Rural,0,Web,Womens E-Mail,0,0,0.0
3,3) $200 - $350,267.7,1,0,Surburban,1,Web,Womens E-Mail,1,0,0.0
4,2) $100 - $200,130.6,0,1,Urban,1,Web,Mens E-Mail,0,0,0.0
3,1) $0 - $100,48.0,0,1,Urban,1,Web,No E-Mail,0,0,0.0
5,1) $0 - $100,30.18,0,1,Rural,0,Web,No E-Mail,0,0,0.0
2,1) $0 - $100,82.59,1,0,Surburban,0,Phone,Womens E-Mail,0,0,0.0
10,2) $100 - $200,196.62,1,0,Surburban,1,Phone,Womens E-Mail,0,0,0.0
9,2) $100 - $200,124.96,0,1,Surburban,0,Web,Womens E-Mail,0,0,0.0
6,3) $200 - $350,242.9,0,1,Urban,0,Phone,Mens E-Mail,0,0,0.0
8,3) $200 - $350,279.03,0,1,Urban,1,Phone,No E-Mail,0,0,0.0
7,2) $100 - $200,196.47,1,0,Urban,1,Phone,Womens E-Mail,0,0,0.0
7,5) $500 - $750,535.16,1,1,Urban,1,Phone,No E-Mail,0,0,0.0
10,3) $200 - $350,222.95,1,0,Rural,1,Web,Womens E-Mail,0,0,0.0
2,2) $100 - $200,150.53,0,1,Surburban,1,Web,No E-Mail,0,0,0.0
2,1) $0 - $100,29.99,0,1,Surburban,1,Web,No E-Mail,0,0,0.0
4,3) $200 - $350,273.06,1,1,Rural,1,Web,Womens E-Mail,1,0,0.0
2,1) $0 - $100,45.81,1,0,Surburban,1,Web,No E-Mail,0,0,0.0
9,1) $0 - $100,53.59,1,0,Surburban,1,Phone,No E-Mail,0,0,0.0
4,3) $200 - $350,346.55,1,1,Surburban,1,Web,Mens E-Mail,1,0,0.0
9,1) $0 - $100,29.99,1,0,Rural,0,Phone,Mens E-Mail,0,0,0.0
6,3) $200 - $350,295.61,0,1,Rural,1,Web,Womens E-Mail,0,0,0.0
10,5) $500 - $750,748.54,0,1,Urban,1,Multichannel,Mens E-Mail,1,0,0.0
4,2) $100 - $200,141.95,1,0,Surburban,0,Web,Mens E-Mail,0,0,0.0
11,2) $100 - $200,199.63,0,1,Surburban,0,Phone,No E-Mail,0,0,0.0
6,5) $500 - $750,591.88,0,1,Rural,1,Phone,No E-Mail,0,0,0.0
4,2) $100 - $200,152.21,0,1,Rural,0,Phone,Womens E-Mail,0,0,0.0
10,4) $350 - $500,442.04,0,1,Surburban,0,Phone,No E-Mail,0,0,0.0
9,5) $500 - $750,678.45,1,1,Urban,1,Multichannel,No E-Mail,0,0,0.0
2,4) $350 - $500,378.08,1,0,Rural,0,Phone,Mens E-Mail,0,0,0.0
3,3) $200 - $350,250.43,0,1,Surburban,1,Web,Womens E-Mail,1,0,0.0
3,1) $0 - $100,31.95,0,1,Surburban,0,Phone,Mens E-Mail,0,0,0.0
4,1) $0 - $100,29.99,0,1,Surburban,0,Phone,Womens E-Mail,0,0,0.0
8,2) $100 - $200,187.69,1,0,Urban,0,Web,Womens E-Mail,0,0,0.0
2,3) $200 - $350,341.8,1,0,Rural,0,Web,No E-Mail,1,0,0.0
7,1) $0 - $100,55.07,1,0,Urban,1,Web,No E-Mail,0,0,0.0
7,5) $500 - $750,648.11,1,1,Urban,1,Multichannel,Womens E-Mail,1,0,0.0
3,3) $200 - $350,211.31,1,0,Surburban,0,Web,No E-Mail,0,0,0.0
1,4) $350 - $500,367.0,0,1,Urban,1,Web,Mens E-Mail,0,0,0.0
2,3) $200 - $350,296.57,1,0,Urban,0,Phone,Mens E-Mail,1,0,0.0
10,4) $350 - $500,350.42,1,1,Surburban,0,Phone,No E-Mail,1,0,0.0
1,1) $0 - $100,75.28,0,1,Urban,1,Web,Womens E-Mail,0,0,0.0
12,3) $200 - $350,239.61,0,1,Urban,1,Web,No E-Mail,0,0,0.0
5,1) $0 - $100,29.99,1,0,Rural,1,Web,Mens E-Mail,0,0,0.0
2,3) $200 - $350,250.51,1,0,Rural,0,Phone,No E-Mail,0,0,0.0
6,2) $100 - $200,134.85,0,1,Surburban,1,Web,Womens E-Mail,1,0,0.0
2,4) $350 - $500,483.92,1,1,Surburban,0,Web,No E-Mail,0,0,0.0
3,4) $350 - $500,390.62,1,1,Rural,0,Phone,Womens E-Mail,0,0,0.0
1,1) $0 - $100,69.76,0,1,Urban,1,Phone,Mens E-Mail,0,0,0.0
6,1) $0 - $100,29.99,0,1,Rural,1,Phone,Womens E-Mail,0,0,0.0
8,3) $200 - $350,299.88,1,0,Surburban,1,Phone,Womens E-Mail,0,0,0.0
4,3) $200 - $350,240.66,1,0,Surburban,0,Web,Womens E-Mail,0,0,0.0
10,2) $100 - $200,154.87,1,0,Urban,1,Phone,Womens E-Mail,0,0,0.0
12,1) $0 - $100,30.39,0,1,Surburban,0,Phone,Womens E-Mail,0,0,0.0
9,1) $0 - $100,89.9,0,1,Urban,0,Web,Mens E-Mail,0,0,0.0
10,2) $100 - $200,179.41,0,1,Rural,0,Web,Mens E-Mail,0,0,0.0
7,1) $0 - $100,69.62,0,1,Urban,0,Web,Womens E-Mail,0,0,0.0
3,5) $500 - $750,523.23,0,1,Urban,1,Phone,No E-Mail,0,0,0.0
10,2) $100 - $200,149.88,1,0,Surburban,0,Phone,Womens E-Mail,1,0,0.0
6,1) $0 - $100,43.74,0,1,Rural,1,Phone,No E-Mail,0,0,0.0
10,4) $350 - $500,420.1,1,0,Surburban,0,Phone,No E-Mail,0,0,0.0
6,4) $350 - $500,352.63,1,0,Surburban,0,Multichannel,Womens E-Mail,0,0,0.0
6,2) $100 - $200,123.71,0,1,Surburban,0,Web,No E-Mail,0,0,0.0
2,4) $350 - $500,432.09,1,0,Rural,0,Multichannel,Mens E-Mail,0,0,0.0
2,3) $200 - $350,255.5,1,0,Surburban,0,Multichannel,Mens E-Mail,0,0,0.0
1,1) $0 - $100,29.99,0,1,Urban,1,Web,No E-Mail,1,0,0.0
8,3) $200 - $350,219.26,0,1,Urban,1,Web,Womens E-Mail,0,0,0.0
11,2) $100 - $200,151.33,0,1,Surburban,1,Phone,Mens E-Mail,0,0,0.0
11,1) $0 - $100,52.8,0,1,Surburban,1,Phone,Womens E-Mail,0,0,0.0
5,4) $350 - $500,452.39,0,1,Urban,0,Web,No E-Mail,0,0,0.0
10,1) $0 - $100,81.89,0,1,Surburban,1,Phone,Mens E-Mail,0,0,0.0
4,3) $200 - $350,277.25,1,0,Surburban,0,Multichannel,No E-Mail,0,0,0.0
3,2) $100 - $200,119.4,1,0,Urban,0,Phone,No E-Mail,0,0,0.0
1,3) $200 - $350,313.03,1,0,Urban,0,Web,Mens E-Mail,0,0,0.0
9,1) $0 - $100,29.99,0,1,Urban,0,Phone,No E-Mail,0,0,0.0
1,"6) $750 - $1,000",969.11,0,1,Urban,1,Web,No E-Mail,0,0,0.0
10,1) $0 - $100,29.99,1,0,Urban,0,Phone,Womens E-Mail,0,0,0.0
12,2) $100 - $200,115.57,1,0,Rural,0,Phone,Womens E-Mail,0,0,0.0
5,4) $350 - $500,366.19,1,0,Rural,1,Phone,No E-Mail,0,0,0.0
11,3) $200 - $350,267.1,1,0,Urban,0,Phone,Womens E-Mail,0,0,0.0
9,1) $0 - $100,37.85,1,0,Urban,0,Web,Womens E-Mail,0,0,0.0
2,1) $0 - $100,68.79,0,1,Surburban,0,Phone,No E-Mail,0,0,0.0
1,4) $350 - $500,367.17,0,1,Urban,0,Multichannel,Mens E-Mail,0,0,0.0
1,3) $200 - $350,326.19,0,1,Surburban,0,Web,No E-Mail,1,0,0.0
8,3) $200 - $350,212.99,1,0,Surburban,0,Phone,Womens E-Mail,0,0,0.0
10,4) $350 - $500,453.87,0,1,Urban,1,Multichannel,No E-Mail,0,0,0.0
4,4) $350 - $500,401.55,1,0,Surburban,0,Multichannel,No E-Mail,0,0,0.0
3,1) $0 - $100,48.62,0,1,Rural,1,Web,No E-Mail,0,0,0.0
11,1) $0 - $100,92.06,0,1,Urban,0,Web,Womens E-Mail,0,0,0.0
1,2) $100 - $200,172.42,0,1,Urban,0,Phone,Mens E-Mail,0,0,0.0
10,1) $0 - $100,30.97,0,1,Rural,0,Phone,Mens E-Mail,0,0,0.0
1,2) $100 - $200,180.46,1,0,Urban,1,Web,Mens E-Mail,0,0,0.0
1,"7) $1,000 +",1087.17,0,1,Urban,1,Multichannel,No E-Mail,0,0,0.0
7,3) $200 - $350,273.52,1,1,Urban,0,Phone,Womens E-Mail,0,0,0.0
7,1) $0 - $100,29.99,0,1,Surburban,1,Web,Womens E-Mail,0,0,0.0
1,3) $200 - $350,347.33,0,1,Surburban,0,Web,Womens E-Mail,0,0,0.0
2,1) $0 - $100,50.07,0,1,Urban,0,Web,No E-Mail,0,0,0.0
3,1) $0 - $100,74.41,1,0,Urban,0,Phone,Womens E-Mail,0,0,0.0
5,2) $100 - $200,131.67,0,1,Rural,1,Web,Womens E-Mail,0,0,0.0
8,4) $350 - $500,405.28,1,0,Urban,1,Multichannel,Mens E-Mail,0,0,0.0
5,4) $350 - $500,458.37,0,1,Surburban,0,Web,No E-Mail,0,0,0.0
6,2) $100 - $200,103.7,1,0,Urban,0,Phone,Mens E-Mail,0,0,0.0
10,1) $0 - $100,37.36,0,1,Rural,1,Web,Mens E-Mail,1,0,0.0
8,1) $0 - $100,96.89,0,1,Surburban,1,Web,Mens E-Mail,0,0,0.0
9,3) $200 - $350,328.3,0,1,Urban,0,Web,No E-Mail,0,0,0.0
7,3) $200 - $350,219.93,1,0,Surburban,0,Phone,Womens E-Mail,0,0,0.0
7,2) $100 - $200,155.04,1,0,Surburban,1,Web,No E-Mail,0,0,0.0
2,"6) $750 - $1,000",805.12,0,1,Surburban,1,Web,Mens E-Mail,0,0,0.0
3,3) $200 - $350,252.14,1,0,Surburban,0,Phone,Mens E-Mail,0,0,0.0
2,2) $100 - $200,183.91,0,1,Surburban,0,Web,No E-Mail,0,0,0.0
9,1) $0 - $100,77.96,0,1,Urban,1,Web,Mens E-Mail,0,0,0.0
3,1) $0 - $100,72.85,0,1,Urban,0,Web,Womens E-Mail,0,0,0.0
6,3) $200 - $350,345.9,1,1,Rural,0,Multichannel,No E-Mail,0,0,0.0
4,3) $200 - $350,311.36,1,0,Surburban,0,Multichannel,Mens E-Mail,0,0,0.0
10,1) $0 - $100,29.99,0,1,Surburban,0,Phone,No E-Mail,1,0,0.0
9,1) $0 - $100,61.52,1,0,Urban,0,Web,Mens E-Mail,0,0,0.0
4,"6) $750 - $1,000",908.67,0,1,Surburban,1,Multichannel,Mens E-Mail,0,0,0.0
9,2) $100 - $200,167.65,1,0,Urban,0,Web,Mens E-Mail,0,0,0.0
10,"7) $1,000 +",1141.26,0,1,Rural,1,Multichannel,Mens E-Mail,0,0,0.0
3,3) $200 - $350,307.26,1,0,Surburban,1,Multichannel,Mens E-Mail,0,0,0.0
7,2) $100 - $200,145.86,1,0,Rural,0,Phone,No E-Mail,0,0,0.0
5,2) $100 - $200,186.45,0,1,Urban,0,Phone,Womens E-Mail,0,0,0.0
7,1) $0 - $100,92.92,0,1,Surburban,1,Web,Womens E-Mail,0,0,0.0
5,4) $350 - $500,431.72,1,0,Urban,0,Web,Womens E-Mail,0,0,0.0
12,1) $0 - $100,29.99,1,0,Surburban,1,Phone,No E-Mail,0,0,0.0
10,2) $100 - $200,180.95,1,0,Surburban,1,Web,Womens E-Mail,0,0,0.0
7,1) $0 - $100,85.18,0,1,Surburban,0,Web,Mens E-Mail,0,0,0.0
4,3) $200 - $350,295.29,1,0,Urban,0,Phone,No E-Mail,0,0,0.0
4,1) $0 - $100,34.86,0,1,Surburban,0,Web,Mens E-Mail,0,0,0.0
1,5) $500 - $750,705.6,0,1,Surburban,1,Web,Womens E-Mail,0,0,0.0
9,1) $0 - $100,29.99,1,0,Rural,0,Web,No E-Mail,0,0,0.0
8,2) $100 - $200,111.77,0,1,Rural,0,Phone,Mens E-Mail,0,0,0.0
8,5) $500 - $750,668.22,1,1,Urban,1,Phone,Mens E-Mail,1,0,0.0
1,1) $0 - $100,29.99,1,0,Surburban,0,Web,Mens E-Mail,1,0,0.0
4,1) $0 - $100,84.59,1,0,Urban,0,Web,Womens E-Mail,0,0,0.0
11,2) $100 - $200,174.25,0,1,Urban,0,Web,Mens E-Mail,0,0,0.0
3,1) $0 - $100,83.45,1,0,Surburban,0,Web,Womens E-Mail,0,0,0.0
10,2) $100 - $200,162.56,0,1,Surburban,1,Phone,No E-Mail,0,0,0.0
1,3) $200 - $350,252.24,1,0,Surburban,0,Multichannel,Womens E-Mail,0,0,0.0
6,4) $350 - $500,470.67,1,1,Urban,0,Multichannel,Mens E-Mail,1,0,0.0
7,4) $350 - $500,451.64,1,0,Urban,1,Web,Mens E-Mail,0,0,0.0
1,5) $500 - $750,518.32,1,1,Rural,1,Multichannel,No E-Mail,0,0,0.0
8,1) $0 - $100,59.05,0,1,Surburban,1,Web,No E-Mail,0,0,0.0
4,3) $200 - $350,252.14,1,0,Surburban,0,Web,Womens E-Mail,0,0,0.0
2,4) $350 - $500,417.17,1,0,Surburban,1,Phone,Mens E-Mail,0,0,0.0
2,3) $200 - $350,232.51,0,1,Rural,0,Web,No E-Mail,0,0,0.0
3,"6) $750 - $1,000",981.71,1,1,Rural,1,Web,Mens E-Mail,0,0,0.0
2,4) $350 - $500,438.83,0,1,Urban,0,Multichannel,Mens E-Mail,0,0,0.0
2,2) $100 - $200,120.5,0,1,Rural,0,Phone,No E-Mail,0,0,0.0
12,2) $100 - $200,130.33,0,1,Surburban,1,Phone,Womens E-Mail,0,0,0.0
4,1) $0 - $100,92.82,1,0,Urban,0,Web,Mens E-Mail,0,0,0.0
6,3) $200 - $350,202.32,0,1,Urban,0,Phone,Womens E-Mail,0,0,0.0
2,3) $200 - $350,258.63,1,0,Urban,1,Multichannel,No E-Mail,0,0,0.0
8,3) $200 - $350,224.85,0,1,Urban,0,Phone,Mens E-Mail,0,0,0.0
1,1) $0 - $100,29.99,0,1,Surburban,0,Web,No E-Mail,0,0,0.0
8,2) $100 - $200,141.33,0,1,Surburban,0,Web,Mens E-Mail,0,0,0.0
2,"7) $1,000 +",1031.56,1,1,Surburban,1,Multichannel,No E-Mail,0,0,0.0
2,3) $200 - $350,341.75,0,1,Surburban,0,Phone,No E-Mail,0,0,0.0
4,1) $0 - $100,52.23,1,0,Rural,1,Web,Mens E-Mail,0,0,0.0
8,1) $0 - $100,50.23,0,1,Urban,0,Web,Mens E-Mail,0,0,0.0
4,5) $500 - $750,575.48,0,1,Surburban,1,Multichannel,Mens E-Mail,1,0,0.0
10,1) $0 - $100,29.99,1,0,Surburban,1,Web,Womens E-Mail,0,0,0.0
5,3) $200 - $350,205.85,1,0,Surburban,1,Phone,No E-Mail,0,0,0.0
4,2) $100 - $200,190.29,0,1,Urban,1,Phone,No E-Mail,0,0,0.0
6,3) $200 - $350,221.54,0,1,Surburban,0,Multichannel,Womens E-Mail,0,0,0.0
1,3) $200 - $350,340.16,1,1,Surburban,0,Phone,No E-Mail,1,0,0.0
5,4) $350 - $500,460.23,0,1,Urban,0,Multichannel,No E-Mail,0,0,0.0
9,4) $350 - $500,433.89,0,1,Rural,0,Phone,Mens E-Mail,0,0,0.0
3,1) $0 - $100,39.47,1,0,Surburban,1,Web,Mens E-Mail,0,0,0.0
1,1) $0 - $100,81.11,0,1,Surburban,1,Phone,Womens E-Mail,0,0,0.0
1,"6) $750 - $1,000",834.46,0,1,Surburban,1,Multichannel,No E-Mail,0,0,0.0
2,4) $350 - $500,377.5,1,0,Urban,0,Web,No E-Mail,1,0,0.0
11,3) $200 - $350,218.83,0,1,Surburban,1,Phone,No E-Mail,0,0,0.0
6,3) $200 - $350,289.13,1,0,Rural,0,Phone,Mens E-Mail,0,0,0.0
7,3) $200 - $350,226.75,1,1,Surburban,0,Web,No E-Mail,0,0,0.0
3,1) $0 - $100,29.99,0,1,Surburban,1,Web,No E-Mail,0,0,0.0
5,"6) $750 - $1,000",761.67,0,1,Urban,1,Multichannel,Womens E-Mail,0,0,0.0
9,1) $0 - $100,68.14,0,1,Surburban,0,Web,Womens E-Mail,0,0,0.0
2,1) $0 - $100,42.17,1,0,Surburban,0,Web,No E-Mail,0,0,0.0
4,4) $350 - $500,376.67,0,1,Surburban,0,Phone,Womens E-Mail,0,0,0.0
4,1) $0 - $100,66.28,0,1,Surburban,1,Phone,Womens E-Mail,0,0,0.0
5,3) $200 - $350,279.46,0,1,Rural,0,Web,Mens E-Mail,0,0,0.0
8,4) $350 - $500,422.12,0,1,Urban,0,Web,Womens E-Mail,0,0,0.0
1,4) $350 - $500,394.94,0,1,Urban,1,Multichannel,Mens E-Mail,0,0,0.0
9,2) $100 - $200,149.89,1,0,Surburban,0,Phone,Womens E-Mail,0,0,0.0
9,1) $0 - $100,77.1,0,1,Urban,1,Phone,Womens E-Mail,0,0,0.0
7,2) $100 - $200,196.55,1,0,Urban,0,Phone,Mens E-Mail,0,0,0.0
1,2) $100 - $200,154.85,1,0,Urban,0,Phone,No E-Mail,0,0,0.0
